연번,단속장소,위반내용,견인료,견인일자
1,서울특별시 양천구 목동 915,보도 중앙,"40,000",2021-10-27 12:10
2,서울특별시 양천구 목동 915,보도 중앙,"40,000",2021-10-27 12:08
3,서울특별시 양천구 목동 404-7,"횡단보도, 산책로 등","40,000",2021-10-28 11:26
4,서울특별시 양천구 목동 559,보도 중앙,"40,000",2021-10-28 10:49
5,서울특별시 양천구 목동 559,보도 중앙,"40,000",2021-10-28 10:34
6,서울특별시 양천구 목동 915,"횡단보도, 산책로 등","40,000",2021-10-28 11:04
7,서울특별시 양천구 목동 911-1,"횡단보도, 산책로 등","40,000",2021-10-29 10:37
8,서울특별시 양천구 목동 911-3,보도 중앙,"40,000",2021-10-29 11:18
9,서울특별시 양천구 신정동 1079,"건물, 상가 보행자 진출입","40,000",2021-10-29 11:47
10,서울특별시 양천구 신정동 1074,보도 중앙,"40,000",2021-10-29 12:41
11,서울특별시 양천구 신정동 313-6,"횡단보도, 산책로 등","40,000",2021-10-29 16:04
12,서울특별시 양천구 목동 404-256,"횡단보도, 산책로 등","40,000",2021-10-29 17:52
13,서울특별시 양천구 목동 911-2,"횡단보도, 산책로 등","40,000",2021-10-29 17:38
14,서울특별시 양천구 목동 914-2,"횡단보도, 산책로 등","40,000",2021-10-29 17:47
15,서울특별시 양천구 신월동 1063-2,"횡단보도, 산책로 등","40,000",2021-11-01 09:37
16,서울특별시 양천구 신월동 1029,"횡단보도, 산책로 등","40,000",2021-11-01 09:35
17,서울특별시 양천구 목동 406-189,"횡단보도, 산책로 등","40,000",2021-11-01 10:43
18,서울특별시 양천구 목동 406-35,"횡단보도, 산책로 등","40,000",2021-11-01 10:48
19,서울특별시 양천구 목동 916-2,"횡단보도, 산책로 등","40,000",2021-11-01 11:43
20,서울특별시 양천구 목동 916-1,"횡단보도, 산책로 등","40,000",2021-11-01 11:02
21,서울특별시 양천구 목동 932,"횡단보도, 산책로 등","40,000",2021-11-01 11:08
22,서울특별시 양천구 목동 932-3,"횡단보도, 산책로 등","40,000",2021-11-01 11:07
23,서울특별시 양천구 목동 932-3,"횡단보도, 산책로 등","40,000",2021-11-01 11:05
24,서울특별시 양천구 목동 406-43,"횡단보도, 산책로 등","40,000",2021-11-01 14:25
25,서울특별시 양천구 목동 932,"횡단보도, 산책로 등","40,000",2021-11-01 11:47
26,서울특별시 양천구 신월동 126-36,"횡단보도, 산책로 등","40,000",2021-11-02 09:21
27,서울특별시 양천구 신월동 126-36,"횡단보도, 산책로 등","40,000",2021-11-02 09:22
28,서울특별시 양천구 신월동 125,"횡단보도, 산책로 등","40,000",2021-11-02 09:24
29,서울특별시 양천구 목동 915,"횡단보도, 산책로 등","40,000",2021-11-02 11:49
30,서울특별시 양천구 목동 915,"횡단보도, 산책로 등","40,000",2021-11-02 11:29
31,서울특별시 양천구 신정동 987-1,"횡단보도, 산책로 등","40,000",2021-11-02 12:34
32,서울특별시 양천구 신정동 991-1,"횡단보도, 산책로 등","40,000",2021-11-02 12:34
33,서울특별시 양천구 신정동 991-1,"횡단보도, 산책로 등","40,000",2021-11-02 12:32
34,서울특별시 양천구 목동 915,보도 중앙,"40,000",2021-11-02 14:53
35,서울특별시 양천구 목동 404-256,"횡단보도, 산책로 등","40,000",2021-11-02 16:22
36,서울특별시 양천구 목동 514-3,지하철역 진출입로 및 주변,"40,000",2021-11-03 09:32
37,서울특별시 양천구 목동 514-3,지하철역 진출입로 및 주변,"40,000",2021-11-03 09:31
38,서울특별시 양천구 목동 900-12,"버스정류장, 택시 승강장","40,000",2021-11-03 09:59
39,서울특별시 양천구 목동 915,"횡단보도, 산책로 등","40,000",2021-11-03 10:33
40,서울특별시 양천구 목동 406-35,"횡단보도, 산책로 등","40,000",2021-11-03 12:16
41,서울특별시 양천구 목동 915,"횡단보도, 산책로 등","40,000",2021-11-03 12:31
42,서울특별시 양천구 목동 916,보도 중앙,"40,000",2021-11-03 12:40
43,서울특별시 양천구 목동 916,"횡단보도, 산책로 등","40,000",2021-11-03 15:41
44,서울특별시 양천구 목동 916,"횡단보도, 산책로 등","40,000",2021-11-03 15:45
45,서울특별시 양천구 목동 916,"횡단보도, 산책로 등","40,000",2021-11-03 15:43
46,서울특별시 양천구 목동 916,"횡단보도, 산책로 등","40,000",2021-11-03 15:44
47,서울특별시 양천구 목동 916,"횡단보도, 산책로 등","40,000",2021-11-03 15:44
48,서울특별시 양천구 목동 603-8,"횡단보도, 산책로 등","40,000",2021-11-04 10:01
49,서울특별시 양천구 목동 508-1,"횡단보도, 산책로 등","40,000",2021-11-04 10:30
50,서울특별시 양천구 목동 508-1,"횡단보도, 산책로 등","40,000",2021-11-04 10:31
51,서울특별시 양천구 목동 546,"건물, 상가 보행자 진출입","40,000",2021-11-04 10:23
52,서울특별시 양천구 목동 514,지하철역 진출입로 및 주변,"40,000",2021-11-04 10:44
53,서울특별시 양천구 목동 913-2,"횡단보도, 산책로 등","40,000",2021-11-04 11:54
54,서울특별시 양천구 목동 905-27,"횡단보도, 산책로 등","40,000",2021-11-04 12:01
55,서울특별시 양천구 목동 919-8,"횡단보도, 산책로 등","40,000",2021-11-04 12:16
56,서울특별시 양천구 신정동 323-8,"횡단보도, 산책로 등","40,000",2021-11-04 12:47
57,서울특별시 양천구 신정동 321-4,"횡단보도, 산책로 등","40,000",2021-11-04 13:10
58,서울특별시 양천구 신월동 824,"횡단보도, 산책로 등","40,000",2021-11-04 15:04
59,서울특별시 양천구 신월동 824,"횡단보도, 산책로 등","40,000",2021-11-04 15:06
60,서울특별시 양천구 신월동 824,"횡단보도, 산책로 등","40,000",2021-11-04 15:07
61,서울특별시 양천구 목동 406-189,"버스정류장, 택시 승강장","40,000",2021-11-05 10:30
62,서울특별시 양천구 목동 406-189,"횡단보도, 산책로 등","40,000",2021-11-05 10:40
63,서울특별시 양천구 목동 406-189,"횡단보도, 산책로 등","40,000",2021-11-05 10:49
64,서울특별시 양천구 목동 406-189,"횡단보도, 산책로 등","40,000",2021-11-05 10:53
65,서울특별시 양천구 목동 406-189,"횡단보도, 산책로 등","40,000",2021-11-05 10:55
66,서울특별시 양천구 목동 602-1,"횡단보도, 산책로 등","40,000",2021-11-05 09:07
67,서울특별시 양천구 목동 917-3,"횡단보도, 산책로 등","40,000",2021-11-08 10:43
68,서울특별시 양천구 목동 915,"횡단보도, 산책로 등","40,000",2021-11-08 11:33
69,서울특별시 양천구 목동 404-7,"횡단보도, 산책로 등","40,000",2021-11-08 12:07
70,서울특별시 양천구 목동 922,"횡단보도, 산책로 등","40,000",2021-11-08 11:19
71,서울특별시 양천구 목동 606-1,"횡단보도, 산책로 등","40,000",2021-11-09 09:45
72,서울특별시 양천구 목동 605-22,"횡단보도, 산책로 등","40,000",2021-11-09 09:46
73,서울특별시 양천구 목동 606-1,"횡단보도, 산책로 등","40,000",2021-11-09 09:46
74,서울특별시 양천구 신정동 312,"버스정류장, 택시 승강장","40,000",2021-11-09 15:44
75,서울특별시 양천구 신정동 1296,"버스정류장, 택시 승강장","40,000",2021-11-09 16:05
76,서울특별시 양천구 신정동 85-1,"버스정류장, 택시 승강장","40,000",2021-11-09 16:06
77,서울특별시 양천구 신정동 87-35,"버스정류장, 택시 승강장","40,000",2021-11-09 16:06
78,서울특별시 양천구 신정동 87-35,"버스정류장, 택시 승강장","40,000",2021-11-09 16:07
79,서울특별시 양천구 목동 903,"횡단보도, 산책로 등","40,000",2021-11-09 16:35
80,서울특별시 양천구 목동 903,"횡단보도, 산책로 등","40,000",2021-11-09 16:35
81,서울특별시 양천구 목동 903-5,"횡단보도, 산책로 등","40,000",2021-11-09 16:36
82,서울특별시 양천구 목동 650-10,"버스정류장, 택시 승강장","40,000",2021-11-10 10:02
83,서울특별시 양천구 목동 650-10,"버스정류장, 택시 승강장","40,000",2021-11-10 10:03
84,서울특별시 양천구 목동 650-7,"버스정류장, 택시 승강장","40,000",2021-11-10 10:03
85,서울특별시 양천구 목동 560,지하철역 진출입로 및 주변,"40,000",2021-11-10 10:15
86,서울특별시 양천구 목동 560,지하철역 진출입로 및 주변,"40,000",2021-11-10 10:16
87,서울특별시 양천구 목동 405-270,"횡단보도, 산책로 등","40,000",2021-11-10 11:19
88,서울특별시 양천구 신월동 791,보도와 차도가 구분된 도로의 차도,"40,000",2021-11-10 15:52
89,서울특별시 양천구 목동 560,지하철역 진출입로 및 주변,"40,000",2021-11-11 10:05
90,서울특별시 양천구 목동 560,지하철역 진출입로 및 주변,"40,000",2021-11-11 10:06
91,서울특별시 양천구 목동 514-3,지하철역 진출입로 및 주변,"40,000",2021-11-11 10:05
92,서울특별시 양천구 목동 406-207,보도와 차도가 구분된 도로의 차도,"40,000",2021-11-11 10:48
93,서울특별시 양천구 목동 406-174,보도와 차도가 구분된 도로의 차도,"40,000",2021-11-11 10:45
94,서울특별시 양천구 목동 915,"버스정류장, 택시 승강장","40,000",2021-11-11 11:14
95,서울특별시 양천구 목동 919-7,"버스정류장, 택시 승강장","40,000",2021-11-11 11:26
96,서울특별시 양천구 신월동 804,보도와 차도가 구분된 도로의 차도,"40,000",2021-11-11 13:33
97,서울특별시 양천구 신정동 912-1,"횡단보도, 산책로 등","40,000",2021-11-11 13:49
98,서울특별시 양천구 신정동 1323-2,"점자블록, 엘리베이터 입구","40,000",2021-11-12 10:00
99,서울특별시 양천구 신정동 311-5,보도와 차도가 구분된 도로의 차도,"40,000",2021-11-12 10:23
100,서울특별시 양천구 신정동 276,지하철역 진출입로 및 주변,"40,000",2021-11-12 10:41
101,서울특별시 양천구 신정동 276,지하철역 진출입로 및 주변,"40,000",2021-11-12 10:42
102,서울특별시 양천구 신정동 276-1,"점자블록, 엘리베이터 입구","40,000",2021-11-12 11:31
103,서울특별시 양천구 신정동 88-1,"점자블록, 엘리베이터 입구","40,000",2021-11-12 11:42
104,서울특별시 양천구 신정동 88-1,"횡단보도, 산책로 등","40,000",2021-11-12 11:48
105,서울특별시 양천구 신월동 492-16,보도와 차도가 구분된 도로의 차도,"40,000",2021-11-12 13:26
106,서울특별시 양천구 신월동 808,"횡단보도, 산책로 등","40,000",2021-11-12 13:46
107,서울특별시 양천구 신월동 236-12,"횡단보도, 산책로 등","40,000",2021-11-12 14:43
108,서울특별시 양천구 목동 929,"점자블록, 엘리베이터 입구","40,000",2021-11-12 16:24
109,서울특별시 양천구 목동 514-3,지하철역 진출입로 및 주변,"40,000",2021-11-15 09:51
110,서울특별시 양천구 목동 560,지하철역 진출입로 및 주변,"40,000",2021-11-15 09:49
111,서울특별시 양천구 목동 560,지하철역 진출입로 및 주변,"40,000",2021-11-15 09:50
112,서울특별시 양천구 목동 560,지하철역 진출입로 및 주변,"40,000",2021-11-15 09:47
113,서울특별시 양천구 목동 560,지하철역 진출입로 및 주변,"40,000",2021-11-15 09:47
114,서울특별시 양천구 목동 915,"점자블록, 엘리베이터 입구","40,000",2021-11-15 10:27
115,서울특별시 양천구 목동 914-6,"버스정류장, 택시 승강장","40,000",2021-11-15 10:38
116,서울특별시 양천구 목동 913-3,"버스정류장, 택시 승강장","40,000",2021-11-15 10:46
117,서울특별시 양천구 목동 913,"점자블록, 엘리베이터 입구","40,000",2021-11-15 10:57
118,서울특별시 양천구 목동 925,"횡단보도, 산책로 등","40,000",2021-11-15 11:19
119,서울특별시 양천구 목동 408-40,"버스정류장, 택시 승강장","40,000",2021-11-15 11:25
120,서울특별시 양천구 신정동 276,지하철역 진출입로 및 주변,"40,000",2021-11-15 11:39
121,서울특별시 양천구 신정동 320-2,"버스정류장, 택시 승강장","40,000",2021-11-15 11:49
122,서울특별시 양천구 신월동 831,보도와 차도가 구분된 도로의 차도,"40,000",2021-11-15 15:35
123,서울특별시 양천구 신월동 826,보도와 차도가 구분된 도로의 차도,"40,000",2021-11-15 15:42
124,서울특별시 양천구 신정동 1093,보도와 차도가 구분된 도로의 차도,"40,000",2021-11-15 16:05
125,서울특별시 양천구 신정동 1323-1,보도와 차도가 구분된 도로의 차도,"40,000",2021-11-15 16:17
126,서울특별시 양천구 신정동 1142,"점자블록, 엘리베이터 입구","40,000",2021-11-15 16:25
127,서울특별시 양천구 목동 405-25,"횡단보도, 산책로 등","40,000",2021-11-15 16:52
128,서울특별시 양천구 목동 560,지하철역 진출입로 및 주변,"40,000",2021-11-16 10:14
129,서울특별시 양천구 목동 560,지하철역 진출입로 및 주변,"40,000",2021-11-16 10:14
130,서울특별시 양천구 목동 912-2,"횡단보도, 산책로 등","40,000",2021-11-16 10:35
131,서울특별시 양천구 목동 406-174,보도와 차도가 구분된 도로의 차도,"40,000",2021-11-16 10:52
132,서울특별시 양천구 목동 406-43,보도와 차도가 구분된 도로의 차도,"40,000",2021-11-16 11:10
133,서울특별시 양천구 신정동 328,"점자블록, 엘리베이터 입구","40,000",2021-11-16 11:31
134,서울특별시 양천구 신정동 1090,보도와 차도가 구분된 도로의 차도,"40,000",2021-11-16 11:56
135,서울특별시 양천구 신정동 1090,"점자블록, 엘리베이터 입구","40,000",2021-11-16 11:59
136,서울특별시 양천구 신월동 166-7,"버스정류장, 택시 승강장","40,000",2021-11-16 16:16
137,서울특별시 양천구 신정동 1066,보도와 차도가 구분된 도로의 차도,"40,000",2021-11-16 16:42
138,서울특별시 양천구 신정동 890-16,"횡단보도, 산책로 등","40,000",2021-11-17 13:00
139,서울특별시 양천구 신정동 888-47,보도와 차도가 구분된 도로의 차도,"40,000",2021-11-17 13:20
140,서울특별시 양천구 신정동 888-47,보도와 차도가 구분된 도로의 차도,"40,000",2021-11-17 13:18
141,서울특별시 양천구 신정동 888-47,보도와 차도가 구분된 도로의 차도,"40,000",2021-11-17 13:19
142,서울특별시 양천구 신정동 276,지하철역 진출입로 및 주변,"40,000",2021-11-17 13:47
143,서울특별시 양천구 목동 560,지하철역 진출입로 및 주변,"40,000",2021-11-18 09:48
144,서울특별시 양천구 목동 560,지하철역 진출입로 및 주변,"40,000",2021-11-18 09:49
145,서울특별시 양천구 목동 131-96,"점자블록, 엘리베이터 입구","40,000",2021-11-18 10:00
146,서울특별시 양천구 목동 901-3,"버스정류장, 택시 승강장","40,000",2021-11-18 10:17
147,서울특별시 양천구 목동 901-3,"버스정류장, 택시 승강장","40,000",2021-11-18 10:17
148,서울특별시 양천구 목동 406-189,"횡단보도, 산책로 등","40,000",2021-11-18 11:16
149,서울특별시 양천구 신정동 314,"버스정류장, 택시 승강장","40,000",2021-11-18 11:29
150,서울특별시 양천구 신정동 276,"버스정류장, 택시 승강장","40,000",2021-11-18 11:55
151,서울특별시 양천구 신정동 314-2,"횡단보도, 산책로 등","40,000",2021-11-18 12:08
152,서울특별시 양천구 신정동 1066,보도와 차도가 구분된 도로의 차도,"40,000",2021-11-18 16:07
153,서울특별시 양천구 신정동 1094,"횡단보도, 산책로 등","40,000",2021-11-18 16:30
154,서울특별시 양천구 목동 916-2,"횡단보도, 산책로 등","40,000",2021-11-18 16:48
155,서울특별시 양천구 목동 560,지하철역 진출입로 및 주변,"40,000",2021-11-19 09:03
156,서울특별시 양천구 목동 560,지하철역 진출입로 및 주변,"40,000",2021-11-19 09:04
157,서울특별시 양천구 목동 405-25,"횡단보도, 산책로 등","40,000",2021-11-19 09:36
158,서울특별시 양천구 목동 404-177,"횡단보도, 산책로 등","40,000",2021-11-19 09:45
159,서울특별시 양천구 목동 560,지하철역 진출입로 및 주변,"40,000",2021-11-22 09:28
160,서울특별시 양천구 목동 136-7,"횡단보도, 산책로 등","40,000",2021-11-22 09:39
161,서울특별시 양천구 목동 919-2,"횡단보도, 산책로 등","40,000",2021-11-22 09:56
162,서울특별시 양천구 신정동 1323-2,보도와 차도가 구분된 도로의 차도,"40,000",2021-11-22 10:28
163,서울특별시 양천구 신정동 1065,"점자블록, 엘리베이터 입구","40,000",2021-11-22 10:47
164,서울특별시 양천구 신정동 1110,보도와 차도가 구분된 도로의 차도,"40,000",2021-11-22 10:57
165,서울특별시 양천구 신정동 1066,보도와 차도가 구분된 도로의 차도,"40,000",2021-11-22 11:09
166,서울특별시 양천구 신월동 276,보도와 차도가 구분된 도로의 차도,"40,000",2021-11-23 16:04
167,서울특별시 양천구 신정동 1056,보도와 차도가 구분된 도로의 차도,"40,000",2021-11-23 16:22
168,서울특별시 양천구 신정동 1127,"횡단보도, 산책로 등","40,000",2021-11-23 16:46
169,서울특별시 양천구 신정동 1127,"횡단보도, 산책로 등","40,000",2021-11-23 16:47
170,서울특별시 양천구 신정동 1050-1,"점자블록, 엘리베이터 입구","40,000",2021-11-23 16:55
171,서울특별시 양천구 목동 560,지하철역 진출입로 및 주변,"40,000",2021-11-24 09:50
172,서울특별시 양천구 목동 514-18,"횡단보도, 산책로 등","40,000",2021-11-24 09:57
173,서울특별시 양천구 목동 200,"점자블록, 엘리베이터 입구","40,000",2021-11-24 10:09
174,서울특별시 양천구 목동 405-212,"점자블록, 엘리베이터 입구","40,000",2021-11-24 10:28
175,서울특별시 양천구 목동 408-40,"버스정류장, 택시 승강장","40,000",2021-11-24 10:51
176,서울특별시 양천구 목동 560,지하철역 진출입로 및 주변,"40,000",2021-11-25 09:30
177,서울특별시 양천구 목동 405-212,"점자블록, 엘리베이터 입구","40,000",2021-11-25 10:07
178,서울특별시 양천구 목동 405-212,"점자블록, 엘리베이터 입구","40,000",2021-11-25 10:07
179,서울특별시 양천구 목동 405-212,"점자블록, 엘리베이터 입구","40,000",2021-11-25 10:08
180,서울특별시 양천구 신정동 276,지하철역 진출입로 및 주변,"40,000",2021-11-25 10:41
181,서울특별시 양천구 신월동 279,"횡단보도, 산책로 등","40,000",2021-11-25 12:12
182,서울특별시 양천구 신월동 85-1,보도와 차도가 구분된 도로의 차도,"40,000",2021-11-25 12:17
183,서울특별시 양천구 신정동 888-47,보도와 차도가 구분된 도로의 차도,"40,000",2021-11-25 13:10
184,서울특별시 양천구 목동 657-25,"버스정류장, 택시 승강장","40,000",2021-12-01 11:51
185,서울특별시 양천구 목동 405-212,"점자블록, 엘리베이터 입구","40,000",2021-12-01 12:21
186,서울특별시 양천구 목동 405-212,"점자블록, 엘리베이터 입구","40,000",2021-12-01 12:22
187,서울특별시 양천구 목동 916-2,"횡단보도, 산책로 등","40,000",2021-12-01 12:32
188,서울특별시 양천구 목동 406-426,지하철역 진출입로 및 주변,"40,000",2021-12-01 12:54
189,서울특별시 양천구 목동 406-426,지하철역 진출입로 및 주변,"40,000",2021-12-01 12:55
190,서울특별시 양천구 목동 560,지하철역 진출입로 및 주변,"40,000",2021-12-02 09:28
191,서울특별시 양천구 목동 406-224,보도와 차도가 구분된 도로의 차도,"40,000",2021-12-02 09:57
192,서울특별시 양천구 목동 405-212,"점자블록, 엘리베이터 입구","40,000",2021-12-02 10:05
193,서울특별시 양천구 신정동 1066,보도와 차도가 구분된 도로의 차도,"40,000",2021-12-02 10:31
194,서울특별시 양천구 신정동 1066,보도와 차도가 구분된 도로의 차도,"40,000",2021-12-02 10:32
195,서울특별시 양천구 신정동 1323-2,"점자블록, 엘리베이터 입구","40,000",2021-12-02 10:51
196,서울특별시 양천구 신정동 1142,"점자블록, 엘리베이터 입구","40,000",2021-12-02 10:59
197,서울특별시 양천구 신월동 98-28,보도와 차도가 구분된 도로의 차도,"40,000",2021-12-02 16:21
198,서울특별시 양천구 목동 912-2,"횡단보도, 산책로 등","40,000",2021-12-02 17:00
199,서울특별시 양천구 신월동 796,보도와 차도가 구분된 도로의 차도,"40,000",2021-12-03 13:42
200,서울특별시 양천구 목동 405-212,"점자블록, 엘리베이터 입구","40,000",2021-12-06 09:13
201,서울특별시 양천구 목동 405-212,"점자블록, 엘리베이터 입구","40,000",2021-12-06 09:14
202,서울특별시 양천구 목동 406-206,보도와 차도가 구분된 도로의 차도,"40,000",2021-12-06 09:24
203,서울특별시 양천구 신정동 887-8,"횡단보도, 산책로 등","40,000",2021-12-06 09:56
204,서울특별시 양천구 신월동 263,"버스정류장, 택시 승강장","40,000",2021-12-07 09:07
205,서울특별시 양천구 신월동 273,보도와 차도가 구분된 도로의 차도,"40,000",2021-12-07 09:16
206,서울특별시 양천구 신월동 820,"횡단보도, 산책로 등","40,000",2021-12-07 09:31
207,서울특별시 양천구 신월동 820,"횡단보도, 산책로 등","40,000",2021-12-07 09:31
208,서울특별시 양천구 신정동 926-4,"횡단보도, 산책로 등","40,000",2021-12-07 09:48
209,서울특별시 양천구 신정동 1050-1,보도와 차도가 구분된 도로의 차도,"40,000",2021-12-07 10:12
210,서울특별시 양천구 신정동 1050-1,보도와 차도가 구분된 도로의 차도,"40,000",2021-12-07 10:13
211,서울특별시 양천구 목동 560,지하철역 진출입로 및 주변,"40,000",2021-12-07 12:56
212,서울특별시 양천구 목동 560,지하철역 진출입로 및 주변,"40,000",2021-12-07 12:56
213,서울특별시 양천구 목동 406-44,"버스정류장, 택시 승강장","40,000",2021-12-07 13:48
214,서울특별시 양천구 목동 406-44,"버스정류장, 택시 승강장","40,000",2021-12-07 13:49
215,서울특별시 양천구 목동 406-44,"버스정류장, 택시 승강장","40,000",2021-12-07 13:50
216,서울특별시 양천구 목동 406-44,"버스정류장, 택시 승강장","40,000",2021-12-07 13:52
217,서울특별시 양천구 목동 920-2,"횡단보도, 산책로 등","40,000",2021-12-07 16:09
218,서울특별시 양천구 목동 405-212,"점자블록, 엘리베이터 입구","40,000",2021-12-08 12:30
219,서울특별시 양천구 목동 405-212,"점자블록, 엘리베이터 입구","40,000",2021-12-08 12:31
220,서울특별시 양천구 목동 405-212,"점자블록, 엘리베이터 입구","40,000",2021-12-08 12:31
221,서울특별시 양천구 신월동 601-1,"버스정류장, 택시 승강장","40,000",2021-12-08 15:51
222,서울특별시 양천구 신월동 903,보도와 차도가 구분된 도로의 차도,"40,000",2021-12-08 16:04
223,서울특별시 양천구 신정동 325,"횡단보도, 산책로 등","40,000",2021-12-08 16:21
224,서울특별시 양천구 목동 560,지하철역 진출입로 및 주변,"40,000",2021-12-09 12:54
225,서울특별시 양천구 목동 405-212,"점자블록, 엘리베이터 입구","40,000",2021-12-09 13:15
226,서울특별시 양천구 목동 405-284,지하철역 진출입로 및 주변,"40,000",2021-12-09 13:20
227,서울특별시 양천구 목동 404-160,지하철역 진출입로 및 주변,"40,000",2021-12-09 16:43
228,서울특별시 양천구 목동 560,지하철역 진출입로 및 주변,"40,000",2021-12-10 09:25
229,서울특별시 양천구 목동 903-11,"버스정류장, 택시 승강장","40,000",2021-12-10 09:39
230,서울특별시 양천구 목동 405-212,"점자블록, 엘리베이터 입구","40,000",2021-12-10 09:53
231,서울특별시 양천구 목동 406-44,"버스정류장, 택시 승강장","40,000",2021-12-10 10:24
232,서울특별시 양천구 목동 406-44,"버스정류장, 택시 승강장","40,000",2021-12-10 10:25
233,서울특별시 양천구 목동 406-44,"버스정류장, 택시 승강장","40,000",2021-12-10 10:25
234,서울특별시 양천구 목동 406-44,"버스정류장, 택시 승강장","40,000",2021-12-10 10:26
235,서울특별시 양천구 신월동 66-17,보도와 차도가 구분된 도로의 차도,"40,000",2021-12-13 11:11
236,서울특별시 양천구 신정동 904-8,보도와 차도가 구분된 도로의 차도,"40,000",2021-12-13 11:43
237,서울특별시 양천구 신정동 1142,보도와 차도가 구분된 도로의 차도,"40,000",2021-12-13 12:41
238,서울특별시 양천구 신정동 1056,"점자블록, 엘리베이터 입구","40,000",2021-12-13 13:03
239,서울특별시 양천구 목동 782-3,보도와 차도가 구분된 도로의 차도,"40,000",2021-12-13 13:24
240,서울특별시 양천구 목동 862,보도와 차도가 구분된 도로의 차도,"40,000",2021-12-13 13:22
241,서울특별시 양천구 목동 901,"버스정류장, 택시 승강장","40,000",2021-12-13 13:41
242,서울특별시 양천구 목동 136-1,"버스정류장, 택시 승강장","40,000",2021-12-13 13:53
243,서울특별시 양천구 목동 560,지하철역 진출입로 및 주변,"40,000",2021-12-13 15:28
244,서울특별시 양천구 목동 560,지하철역 진출입로 및 주변,"40,000",2021-12-13 15:29
245,서울특별시 양천구 신정동 1071,보도와 차도가 구분된 도로의 차도,"40,000",2021-12-13 16:09
246,서울특별시 양천구 목동 560,지하철역 진출입로 및 주변,"40,000",2021-12-14 12:58
247,서울특별시 양천구 목동 405-212,"점자블록, 엘리베이터 입구","40,000",2021-12-14 13:23
248,서울특별시 양천구 목동 405-212,"점자블록, 엘리베이터 입구","40,000",2021-12-14 13:23
249,서울특별시 양천구 목동 405-212,"점자블록, 엘리베이터 입구","40,000",2021-12-14 13:24
250,서울특별시 양천구 신정동 973-36,"버스정류장, 택시 승강장","40,000",2021-12-14 14:26
251,서울특별시 양천구 신정동 973-36,"버스정류장, 택시 승강장","40,000",2021-12-14 14:27
252,서울특별시 양천구 신정동 973-36,"버스정류장, 택시 승강장","40,000",2021-12-14 14:28
253,서울특별시 양천구 신월동 632,보도와 차도가 구분된 도로의 차도,"40,000",2021-12-14 14:44
254,서울특별시 양천구 신월동 632,보도와 차도가 구분된 도로의 차도,"40,000",2021-12-14 14:51
255,서울특별시 양천구 신정동 1115,보도와 차도가 구분된 도로의 차도,"40,000",2021-12-14 15:10
256,서울특별시 양천구 목동 924-2,"횡단보도, 산책로 등","40,000",2021-12-15 10:08
257,서울특별시 양천구 신정동 314,"버스정류장, 택시 승강장","40,000",2021-12-15 10:29
258,서울특별시 양천구 신정동 322-4,"버스정류장, 택시 승강장","40,000",2021-12-15 10:40
259,서울특별시 양천구 신정동 984-1,보도와 차도가 구분된 도로의 차도,"40,000",2021-12-15 11:05
260,서울특별시 양천구 신정동 1111,보도와 차도가 구분된 도로의 차도,"40,000",2021-12-15 11:18
261,서울특별시 양천구 신정동 1099,보도와 차도가 구분된 도로의 차도,"40,000",2021-12-15 11:26
262,서울특별시 양천구 신정동 916-12,보도와 차도가 구분된 도로의 차도,"40,000",2021-12-15 11:35
263,서울특별시 양천구 목동 603-25,지하철역 진출입로 및 주변,"40,000",2021-12-16 10:41
264,서울특별시 양천구 목동 560,지하철역 진출입로 및 주변,"40,000",2021-12-16 10:49
265,서울특별시 양천구 목동 131-96,"횡단보도, 산책로 등","40,000",2021-12-16 10:59
266,서울특별시 양천구 목동 904,"횡단보도, 산책로 등","40,000",2021-12-16 11:17
267,서울특별시 양천구 목동 919-2,자전거 도로,"40,000",2021-12-16 11:30
268,서울특별시 양천구 목동 919-2,자전거 도로,"40,000",2021-12-16 11:40
269,서울특별시 양천구 목동 914-5,"횡단보도, 산책로 등","40,000",2021-12-16 11:57
270,서울특별시 양천구 목동 914-9,"횡단보도, 산책로 등","40,000",2021-12-16 12:01
271,서울특별시 양천구 목동 406-189,"횡단보도, 산책로 등","40,000",2021-12-16 12:20
272,서울특별시 양천구 신정동 972-4,"횡단보도, 산책로 등","40,000",2021-12-16 15:52
273,서울특별시 양천구 목동 603-2,지하철역 진출입로 및 주변,"40,000",2021-12-17 09:44
274,서울특별시 양천구 목동 560,지하철역 진출입로 및 주변,"40,000",2021-12-17 09:56
275,서울특별시 양천구 목동 560,지하철역 진출입로 및 주변,"40,000",2021-12-17 09:56
276,서울특별시 양천구 목동 901-3,"점자블록, 엘리베이터 입구","40,000",2021-12-17 10:09
277,서울특별시 양천구 목동 405-212,"점자블록, 엘리베이터 입구","40,000",2021-12-17 10:29
278,서울특별시 양천구 목동 405-212,"점자블록, 엘리베이터 입구","40,000",2021-12-17 10:30
279,서울특별시 양천구 목동 405-212,"점자블록, 엘리베이터 입구","40,000",2021-12-17 10:30
280,서울특별시 양천구 목동 405-212,지하철역 진출입로 및 주변,"40,000",2021-12-17 10:38
281,서울특별시 양천구 목동 926-3,지하철역 진출입로 및 주변,"40,000",2021-12-17 11:11
282,서울특별시 양천구 신정동 1090,지하철역 진출입로 및 주변,"40,000",2021-12-17 11:25
283,서울특별시 양천구 신정동 1102,"점자블록, 엘리베이터 입구","40,000",2021-12-17 11:29
284,서울특별시 양천구 신정동 946-1,"횡단보도, 산책로 등","40,000",2021-12-17 11:40
285,서울특별시 양천구 신정동 1142,보도와 차도가 구분된 도로의 차도,"40,000",2021-12-17 11:59
286,서울특별시 양천구 신정동 1297,"버스정류장, 택시 승강장","40,000",2021-12-17 12:50
287,서울특별시 양천구 신정동 1297,"버스정류장, 택시 승강장","40,000",2021-12-17 12:51
288,서울특별시 양천구 신정동 1297,"버스정류장, 택시 승강장","40,000",2021-12-17 12:51
289,서울특별시 양천구 목동 905,"점자블록, 엘리베이터 입구","40,000",2021-12-20 11:47
290,서울특별시 양천구 목동 901-3,"버스정류장, 택시 승강장","40,000",2021-12-20 12:11
291,서울특별시 양천구 목동 838-4,"버스정류장, 택시 승강장","40,000",2021-12-20 12:12
292,서울특별시 양천구 목동 838-4,"버스정류장, 택시 승강장","40,000",2021-12-20 12:13
293,서울특별시 양천구 목동 622-23,"횡단보도, 산책로 등","40,000",2021-12-21 09:58
294,서울특별시 양천구 목동 603-25,지하철역 진출입로 및 주변,"40,000",2021-12-21 10:10
295,서울특별시 양천구 목동 560,지하철역 진출입로 및 주변,"40,000",2021-12-21 10:18
296,서울특별시 양천구 목동 560,지하철역 진출입로 및 주변,"40,000",2021-12-21 10:25
297,서울특별시 양천구 목동 405-212,"점자블록, 엘리베이터 입구","40,000",2021-12-21 10:44
298,서울특별시 양천구 목동 405-212,지하철역 진출입로 및 주변,"40,000",2021-12-21 10:49
299,서울특별시 양천구 목동 914-10,"점자블록, 엘리베이터 입구","40,000",2021-12-21 11:09
300,서울특별시 양천구 목동 406-28,"횡단보도, 산책로 등","40,000",2021-12-21 11:20
301,서울특별시 양천구 목동 560,지하철역 진출입로 및 주변,"40,000",2021-12-22 12:52
302,서울특별시 양천구 목동 560,지하철역 진출입로 및 주변,"40,000",2021-12-22 12:52
303,서울특별시 양천구 목동 560,지하철역 진출입로 및 주변,"40,000",2021-12-22 12:53
304,서울특별시 양천구 목동 405-212,"점자블록, 엘리베이터 입구","40,000",2021-12-22 13:21
305,서울특별시 양천구 목동 405-212,"점자블록, 엘리베이터 입구","40,000",2021-12-22 13:21
306,서울특별시 양천구 목동 405-212,지하철역 진출입로 및 주변,"40,000",2021-12-22 13:27
307,서울특별시 양천구 목동 962-1,"횡단보도, 산책로 등","40,000",2021-12-22 13:45
308,서울특별시 양천구 목동 560,지하철역 진출입로 및 주변,"40,000",2021-12-23 10:17
309,서울특별시 양천구 목동 560,지하철역 진출입로 및 주변,"40,000",2021-12-23 10:17
310,서울특별시 양천구 목동 904,"횡단보도, 산책로 등","40,000",2021-12-23 10:38
311,서울특별시 양천구 신정동 1061,"횡단보도, 산책로 등","40,000",2021-12-23 11:14
312,서울특별시 양천구 신정동 1142,"점자블록, 엘리베이터 입구","40,000",2021-12-23 11:40
313,서울특별시 양천구 목동 915,"횡단보도, 산책로 등","40,000",2021-12-23 11:58
314,서울특별시 양천구 목동 406-189,"버스정류장, 택시 승강장","40,000",2021-12-27 13:11
315,서울특별시 양천구 목동 962-1,"횡단보도, 산책로 등","40,000",2021-12-27 13:20
316,서울특별시 양천구 목동 405-270,"횡단보도, 산책로 등","40,000",2021-12-27 13:30
317,서울특별시 양천구 신정동 86-22,"점자블록, 엘리베이터 입구","40,000",2021-12-27 13:38
318,서울특별시 양천구 신월동 125,보도와 차도가 구분된 도로의 차도,"40,000",2021-12-27 14:52
319,서울특별시 양천구 목동 947,"버스정류장, 택시 승강장","40,000",2021-12-27 16:15
320,서울특별시 양천구 목동 947,"버스정류장, 택시 승강장","40,000",2021-12-27 16:15
321,서울특별시 양천구 목동 947,"버스정류장, 택시 승강장","40,000",2021-12-27 16:16
322,서울특별시 양천구 목동 947,"버스정류장, 택시 승강장","40,000",2021-12-27 16:16
323,서울특별시 양천구 신월동 793,보도와 차도가 구분된 도로의 차도,"40,000",2021-12-28 10:42
324,서울특별시 양천구 신월동 99-30,보도와 차도가 구분된 도로의 차도,"40,000",2021-12-28 10:41
325,서울특별시 양천구 신월동 824,"횡단보도, 산책로 등","40,000",2021-12-28 10:52
326,서울특별시 양천구 신정동 1142,보도와 차도가 구분된 도로의 차도,"40,000",2021-12-28 11:18
327,서울특별시 양천구 목동 927-10,"횡단보도, 산책로 등","40,000",2021-12-28 11:37
328,서울특별시 양천구 목동 405-212,"점자블록, 엘리베이터 입구","40,000",2021-12-28 11:46
329,서울특별시 양천구 목동 405-212,지하철역 진출입로 및 주변,"40,000",2021-12-28 11:52
330,서울특별시 양천구 목동 405-212,"점자블록, 엘리베이터 입구","40,000",2021-12-28 11:57
331,서울특별시 양천구 목동 903-5,"횡단보도, 산책로 등","40,000",2021-12-28 12:33
332,서울특별시 양천구 목동 903-5,"횡단보도, 산책로 등","40,000",2021-12-28 12:34
333,서울특별시 양천구 목동 903-5,"횡단보도, 산책로 등","40,000",2021-12-28 12:34
334,서울특별시 양천구 목동 903-5,"횡단보도, 산책로 등","40,000",2021-12-28 12:35
335,서울특별시 양천구 목동 903,"버스정류장, 택시 승강장","40,000",2021-12-28 12:47
336,서울특별시 양천구 목동 903-4,"횡단보도, 산책로 등","40,000",2021-12-28 12:54
337,서울특별시 양천구 목동 927-8,"횡단보도, 산책로 등","40,000",2021-12-28 13:54
338,서울특별시 양천구 신정동 887-8,"횡단보도, 산책로 등","40,000",2021-12-29 10:14
339,서울특별시 양천구 신정동 1065,보도와 차도가 구분된 도로의 차도,"40,000",2021-12-29 10:19
340,서울특별시 양천구 신정동 1079,지하철역 진출입로 및 주변,"40,000",2021-12-29 10:30
341,서울특별시 양천구 신월동 630,"횡단보도, 산책로 등","40,000",2021-12-29 10:45
342,서울특별시 양천구 신월동 629-1,"횡단보도, 산책로 등","40,000",2021-12-29 10:55
343,서울특별시 양천구 신정동 1013-11,"점자블록, 엘리베이터 입구","40,000",2021-12-29 11:12
344,서울특별시 양천구 목동 405-212,"점자블록, 엘리베이터 입구","40,000",2021-12-29 11:28
345,서울특별시 양천구 목동 405-212,"점자블록, 엘리베이터 입구","40,000",2021-12-29 11:28
346,서울특별시 양천구 목동 405-212,"점자블록, 엘리베이터 입구","40,000",2021-12-29 11:29
347,서울특별시 양천구 목동 404-160,지하철역 진출입로 및 주변,"40,000",2021-12-29 12:20
348,서울특별시 양천구 목동 404-171,"횡단보도, 산책로 등","40,000",2021-12-29 12:25
349,서울특별시 양천구 목동 901-3,"버스정류장, 택시 승강장","40,000",2021-12-29 12:44
350,서울특별시 양천구 목동 514-3,지하철역 진출입로 및 주변,"40,000",2021-12-29 12:59
351,서울특별시 양천구 목동 901-7,"횡단보도, 산책로 등","40,000",2021-12-29 13:14
352,서울특별시 양천구 목동 903-6,"횡단보도, 산책로 등","40,000",2021-12-29 13:28
353,서울특별시 양천구 목동 905,"횡단보도, 산책로 등","40,000",2021-12-29 13:28
354,서울특별시 양천구 신월동 258,"횡단보도, 산책로 등","40,000",2021-12-29 16:02
355,서울특별시 양천구 신정동 1067,"점자블록, 엘리베이터 입구","40,000",2021-12-29 16:31
356,서울특별시 양천구 목동 405-212,지하철역 진출입로 및 주변,"40,000",2021-12-29 16:43
357,서울특별시 양천구 목동 405-212,지하철역 진출입로 및 주변,"40,000",2021-12-29 16:44
358,서울특별시 양천구 목동 560,지하철역 진출입로 및 주변,"40,000",2021-12-30 11:53
359,서울특별시 양천구 목동 560,지하철역 진출입로 및 주변,"40,000",2021-12-30 11:53
360,서울특별시 양천구 목동 200,"점자블록, 엘리베이터 입구","40,000",2021-12-30 12:07
361,서울특별시 양천구 목동 856,"횡단보도, 산책로 등","40,000",2021-12-30 12:17
362,서울특별시 양천구 목동 920-2,"횡단보도, 산책로 등","40,000",2021-12-30 12:32
363,서울특별시 양천구 목동 405-212,지하철역 진출입로 및 주변,"40,000",2021-12-30 12:42
364,서울특별시 양천구 목동 917-3,"횡단보도, 산책로 등","40,000",2021-12-30 12:52
365,서울특별시 양천구 신정동 319-3,"횡단보도, 산책로 등","40,000",2021-12-30 13:33
366,서울특별시 양천구 신정동 319-3,"횡단보도, 산책로 등","40,000",2021-12-30 13:34
367,서울특별시 양천구 신정동 319-3,"횡단보도, 산책로 등","40,000",2021-12-30 13:34
368,서울특별시 양천구 신정동 324-6,"점자블록, 엘리베이터 입구","40,000",2021-12-30 13:54
369,서울특별시 양천구 목동 936,지하철역 진출입로 및 주변,"40,000",2021-12-30 14:34
370,서울특별시 양천구 목동 406-43,"점자블록, 엘리베이터 입구","40,000",2021-12-30 14:44
371,서울특별시 양천구 목동 406-189,"버스정류장, 택시 승강장","40,000",2021-12-30 14:49
372,서울특별시 양천구 신정동 1074,지하철역 진출입로 및 주변,"40,000",2021-12-30 15:15
373,서울특별시 양천구 신월동 838,"횡단보도, 산책로 등","40,000",2021-12-30 15:33
374,서울특별시 양천구 신월동 798,보도와 차도가 구분된 도로의 차도,"40,000",2021-12-30 15:51
375,서울특별시 양천구 목동 560,지하철역 진출입로 및 주변,"40,000",2021-12-31 11:00
376,서울특별시 양천구 목동 560,지하철역 진출입로 및 주변,"40,000",2021-12-31 11:01
377,서울특별시 양천구 목동 514-18,지하철역 진출입로 및 주변,"40,000",2021-12-31 11:12
378,서울특별시 양천구 목동 131-128,"버스정류장, 택시 승강장","40,000",2021-12-31 11:24
379,서울특별시 양천구 목동 903-4,"횡단보도, 산책로 등","40,000",2021-12-31 11:37
380,서울특별시 양천구 목동 405-212,"점자블록, 엘리베이터 입구","40,000",2021-12-31 11:52
381,서울특별시 양천구 목동 405-212,지하철역 진출입로 및 주변,"40,000",2021-12-31 11:57
382,서울특별시 양천구 목동 405-212,지하철역 진출입로 및 주변,"40,000",2021-12-31 11:58
383,서울특별시 양천구 목동 914-8,"횡단보도, 산책로 등","40,000",2021-12-31 12:18
384,서울특별시 양천구 목동 914-3,"횡단보도, 산책로 등","40,000",2021-12-31 12:25
385,서울특별시 양천구 목동 915,"횡단보도, 산책로 등","40,000",2021-12-31 12:34
386,서울특별시 양천구 신월동 258,"횡단보도, 산책로 등","40,000",2021-12-31 13:12
387,서울특별시 양천구 신월동 258,"횡단보도, 산책로 등","40,000",2021-12-31 13:13
388,서울특별시 양천구 목동 936,지하철역 진출입로 및 주변,"40,000",2021-12-31 15:26
389,서울특별시 양천구 목동 406-53,"점자블록, 엘리베이터 입구","40,000",2021-12-31 15:36
390,서울특별시 양천구 목동 920-2,"횡단보도, 산책로 등","40,000",2021-12-31 15:44
391,서울특별시 양천구 목동 915,"횡단보도, 산책로 등","40,000",2021-12-31 15:53
392,서울특별시 양천구 신정동 329-8,"횡단보도, 산책로 등","40,000",2021-12-31 16:12
393,서울특별시 양천구 신월동 803,보도와 차도가 구분된 도로의 차도,"40,000",2022-01-03 09:39
394,서울특별시 양천구 신월동 821,"횡단보도, 산책로 등","40,000",2022-01-03 09:46
395,서울특별시 양천구 신정동 1143,"횡단보도, 산책로 등","40,000",2022-01-03 10:12
396,서울특별시 양천구 신정동 1094,"횡단보도, 산책로 등","40,000",2022-01-03 10:24
397,서울특별시 양천구 신정동 313-1,"버스정류장, 택시 승강장","40,000",2022-01-03 10:32
398,서울특별시 양천구 목동 406-13,"횡단보도, 산책로 등","40,000",2022-01-03 10:53
399,서울특별시 양천구 목동 901-3,"점자블록, 엘리베이터 입구","40,000",2022-01-03 11:07
400,서울특별시 양천구 목동 131-30,"횡단보도, 산책로 등","40,000",2022-01-03 11:18
401,서울특별시 양천구 목동 560,지하철역 진출입로 및 주변,"40,000",2022-01-03 11:30
402,서울특별시 양천구 목동 560,지하철역 진출입로 및 주변,"40,000",2022-01-03 11:31
403,서울특별시 양천구 신월동 781,"횡단보도, 산책로 등","40,000",2022-01-03 13:30
404,서울특별시 양천구 신정동 314-3,"횡단보도, 산책로 등","40,000",2022-01-03 14:08
405,서울특별시 양천구 신정동 314-3,"횡단보도, 산책로 등","40,000",2022-01-03 14:10
406,서울특별시 양천구 신정동 314,"횡단보도, 산책로 등","40,000",2022-01-03 14:17
407,서울특별시 양천구 신정동 86-35,"점자블록, 엘리베이터 입구","40,000",2022-01-03 14:33
408,서울특별시 양천구 신월동 59-1,"횡단보도, 산책로 등","40,000",2022-01-04 10:01
409,서울특별시 양천구 신정동 1065,보도와 차도가 구분된 도로의 차도,"40,000",2022-01-04 10:21
410,서울특별시 양천구 신정동 1065,"횡단보도, 산책로 등","40,000",2022-01-04 10:30
411,서울특별시 양천구 신정동 1065,"횡단보도, 산책로 등","40,000",2022-01-04 10:32
412,서울특별시 양천구 신정동 1065,"횡단보도, 산책로 등","40,000",2022-01-04 10:33
413,서울특별시 양천구 신정동 1093,"횡단보도, 산책로 등","40,000",2022-01-04 11:02
414,서울특별시 양천구 신정동 1013-7,"횡단보도, 산책로 등","40,000",2022-01-04 11:14
415,서울특별시 양천구 목동 405-212,"점자블록, 엘리베이터 입구","40,000",2022-01-04 11:38
416,서울특별시 양천구 목동 405-84,지하철역 진출입로 및 주변,"40,000",2022-01-04 11:42
417,서울특별시 양천구 목동 903-4,"횡단보도, 산책로 등","40,000",2022-01-04 12:05
418,서울특별시 양천구 목동 903-4,"버스정류장, 택시 승강장","40,000",2022-01-04 12:09
419,서울특별시 양천구 목동 838-4,"버스정류장, 택시 승강장","40,000",2022-01-04 12:21
420,서울특별시 양천구 목동 901-3,"점자블록, 엘리베이터 입구","40,000",2022-01-04 12:32
421,서울특별시 양천구 목동 901,"횡단보도, 산책로 등","40,000",2022-01-04 12:40
422,서울특별시 양천구 목동 131-96,"횡단보도, 산책로 등","40,000",2022-01-04 12:49
423,서울특별시 양천구 목동 131-96,"횡단보도, 산책로 등","40,000",2022-01-04 12:50
424,서울특별시 양천구 목동 131-96,"횡단보도, 산책로 등","40,000",2022-01-04 12:51
425,서울특별시 양천구 목동 560,지하철역 진출입로 및 주변,"40,000",2022-01-04 13:10
426,서울특별시 양천구 목동 560,지하철역 진출입로 및 주변,"40,000",2022-01-04 13:12
427,서울특별시 양천구 목동 560,지하철역 진출입로 및 주변,"40,000",2022-01-04 13:13
428,서울특별시 양천구 목동 605-21,"횡단보도, 산책로 등","40,000",2022-01-05 09:26
429,서울특별시 양천구 목동 560,지하철역 진출입로 및 주변,"40,000",2022-01-05 09:35
430,서울특별시 양천구 목동 569,"횡단보도, 산책로 등","40,000",2022-01-05 09:43
431,서울특별시 양천구 목동 131-96,"횡단보도, 산책로 등","40,000",2022-01-05 09:53
432,서울특별시 양천구 목동 901,"점자블록, 엘리베이터 입구","40,000",2022-01-05 10:07
433,서울특별시 양천구 신월동 290,"횡단보도, 산책로 등","40,000",2022-01-05 12:56
434,서울특별시 양천구 신정동 1065,"횡단보도, 산책로 등","40,000",2022-01-05 15:06
435,서울특별시 양천구 신정동 1066,"횡단보도, 산책로 등","40,000",2022-01-05 15:13
436,서울특별시 양천구 신정동 1094,"횡단보도, 산책로 등","40,000",2022-01-05 15:36
437,서울특별시 양천구 목동 406-173,"버스정류장, 택시 승강장","40,000",2022-01-05 16:11
438,서울특별시 양천구 목동 406-173,"버스정류장, 택시 승강장","40,000",2022-01-05 16:12
439,서울특별시 양천구 목동 406-173,"버스정류장, 택시 승강장","40,000",2022-01-05 16:15
440,서울특별시 양천구 목동 917-11,"점자블록, 엘리베이터 입구","40,000",2022-01-05 16:41
441,서울특별시 양천구 목동 560,지하철역 진출입로 및 주변,"40,000",2022-01-06 10:15
442,서울특별시 양천구 목동 560,지하철역 진출입로 및 주변,"40,000",2022-01-06 10:19
443,서울특별시 양천구 목동 136-7,"횡단보도, 산책로 등","40,000",2022-01-06 10:30
444,서울특별시 양천구 목동 136-7,"횡단보도, 산책로 등","40,000",2022-01-06 10:32
445,서울특별시 양천구 목동 139-2,"횡단보도, 산책로 등","40,000",2022-01-06 10:43
446,서울특별시 양천구 목동 405-212,"점자블록, 엘리베이터 입구","40,000",2022-01-06 11:04
447,서울특별시 양천구 목동 405-212,"점자블록, 엘리베이터 입구","40,000",2022-01-06 11:05
448,서울특별시 양천구 목동 405-212,"점자블록, 엘리베이터 입구","40,000",2022-01-06 11:06
449,서울특별시 양천구 목동 916-2,"점자블록, 엘리베이터 입구","40,000",2022-01-06 11:19
450,서울특별시 양천구 목동 406-4,"버스정류장, 택시 승강장","40,000",2022-01-06 11:39
451,서울특별시 양천구 신정동 1113,"횡단보도, 산책로 등","40,000",2022-01-06 12:08
452,서울특별시 양천구 신정동 325,보도와 차도가 구분된 도로의 차도,"40,000",2022-01-06 12:23
453,서울특별시 양천구 목동 913-3,"횡단보도, 산책로 등","40,000",2022-01-06 12:49
454,서울특별시 양천구 목동 902-5,"횡단보도, 산책로 등","40,000",2022-01-06 13:04
455,서울특별시 양천구 목동 405-212,"점자블록, 엘리베이터 입구","40,000",2022-01-07 09:15
456,서울특별시 양천구 목동 405-212,"점자블록, 엘리베이터 입구","40,000",2022-01-07 09:17
457,서울특별시 양천구 목동 405-212,지하철역 진출입로 및 주변,"40,000",2022-01-07 09:22
458,서울특별시 양천구 목동 405-84,지하철역 진출입로 및 주변,"40,000",2022-01-07 09:23
459,서울특별시 양천구 목동 408-23,"버스정류장, 택시 승강장","40,000",2022-01-07 09:54
460,서울특별시 양천구 목동 560,지하철역 진출입로 및 주변,"40,000",2022-01-10 09:14
461,서울특별시 양천구 목동 560,지하철역 진출입로 및 주변,"40,000",2022-01-10 09:14
462,서울특별시 양천구 목동 405-212,"점자블록, 엘리베이터 입구","40,000",2022-01-10 09:40
463,서울특별시 양천구 목동 405-212,"점자블록, 엘리베이터 입구","40,000",2022-01-10 09:41
464,서울특별시 양천구 목동 405-212,"점자블록, 엘리베이터 입구","40,000",2022-01-10 09:41
465,서울특별시 양천구 목동 405-212,"점자블록, 엘리베이터 입구","40,000",2022-01-10 09:42
466,서울특별시 양천구 신정동 1074,지하철역 진출입로 및 주변,"40,000",2022-01-10 10:14
467,서울특별시 양천구 신월동 886,"횡단보도, 산책로 등","40,000",2022-01-10 10:29
468,서울특별시 양천구 목동 406-189,"버스정류장, 택시 승강장","40,000",2022-01-10 11:03
469,서울특별시 양천구 신정동 994-2,지하철역 진출입로 및 주변,"40,000",2022-01-10 11:25
470,서울특별시 양천구 목동 927,"버스정류장, 택시 승강장","40,000",2022-01-10 11:32
471,서울특별시 양천구 신월동 629-1,"횡단보도, 산책로 등","40,000",2022-01-10 15:39
472,서울특별시 양천구 신정동 1142,보도와 차도가 구분된 도로의 차도,"40,000",2022-01-10 15:57
473,서울특별시 양천구 목동 915,"횡단보도, 산책로 등","40,000",2022-01-11 10:21
474,서울특별시 양천구 목동 911-10,"횡단보도, 산책로 등","40,000",2022-01-11 12:14
475,서울특별시 양천구 목동 408-40,"버스정류장, 택시 승강장","40,000",2022-01-11 12:50
476,서울특별시 양천구 신정동 1068,보도와 차도가 구분된 도로의 차도,"40,000",2022-01-11 13:24
477,서울특별시 양천구 신정동 1067,보도와 차도가 구분된 도로의 차도,"40,000",2022-01-11 13:30
478,서울특별시 양천구 신월동 273,"횡단보도, 산책로 등","40,000",2022-01-12 09:33
479,서울특별시 양천구 신월동 263,"횡단보도, 산책로 등","40,000",2022-01-12 09:45
480,서울특별시 양천구 신월동 804,보도와 차도가 구분된 도로의 차도,"40,000",2022-01-12 10:03
481,서울특별시 양천구 신정동 1056,보도와 차도가 구분된 도로의 차도,"40,000",2022-01-12 10:20
482,서울특별시 양천구 신정동 902-1,"점자블록, 엘리베이터 입구","40,000",2022-01-12 10:33
483,서울특별시 양천구 신정동 902-1,"점자블록, 엘리베이터 입구","40,000",2022-01-12 10:35
484,서울특별시 양천구 신정동 994-15,지하철역 진출입로 및 주변,"40,000",2022-01-12 10:56
485,서울특별시 양천구 신정동 1074,"횡단보도, 산책로 등","40,000",2022-01-12 10:59
486,서울특별시 양천구 목동 927-7,"점자블록, 엘리베이터 입구","40,000",2022-01-12 11:14
487,서울특별시 양천구 목동 915,보도 중앙,"40,000",2022-01-12 11:31
488,서울특별시 양천구 신정동 322-3,"횡단보도, 산책로 등","40,000",2022-01-12 11:59
489,서울특별시 양천구 목동 903,"버스정류장, 택시 승강장","40,000",2022-01-13 10:05
490,서울특별시 양천구 목동 903,"버스정류장, 택시 승강장","40,000",2022-01-13 10:07
491,서울특별시 양천구 목동 903,"버스정류장, 택시 승강장","40,000",2022-01-13 10:08
492,서울특별시 양천구 신정동 1090,지하철역 진출입로 및 주변,"40,000",2022-01-13 10:51
493,서울특별시 양천구 신정동 1090,지하철역 진출입로 및 주변,"40,000",2022-01-13 10:53
494,서울특별시 양천구 신월동 824,"횡단보도, 산책로 등","40,000",2022-01-13 11:40
495,서울특별시 양천구 목동 882,"횡단보도, 산책로 등","40,000",2022-01-13 14:55
496,서울특별시 양천구 신월동 258,"횡단보도, 산책로 등","40,000",2022-01-14 09:08
497,서울특별시 양천구 신월동 273,"횡단보도, 산책로 등","40,000",2022-01-14 09:16
498,서울특별시 양천구 신월동 804,보도와 차도가 구분된 도로의 차도,"40,000",2022-01-14 10:05
499,서울특별시 양천구 신정동 1056,보도와 차도가 구분된 도로의 차도,"40,000",2022-01-14 10:19
500,서울특별시 양천구 신정동 934-7,보도와 차도가 구분된 도로의 차도,"40,000",2022-01-14 10:28
501,서울특별시 양천구 신정동 1065,"횡단보도, 산책로 등","40,000",2022-01-14 10:40
502,서울특별시 양천구 신정동 1013-7,"횡단보도, 산책로 등","40,000",2022-01-14 11:01
503,서울특별시 양천구 목동 405-212,지하철역 진출입로 및 주변,"40,000",2022-01-14 11:14
504,서울특별시 양천구 목동 405-212,"점자블록, 엘리베이터 입구","40,000",2022-01-14 11:22
505,서울특별시 양천구 목동 405-212,"점자블록, 엘리베이터 입구","40,000",2022-01-14 11:23
506,서울특별시 양천구 목동 405-212,"점자블록, 엘리베이터 입구","40,000",2022-01-14 11:24
507,서울특별시 양천구 목동 902,"횡단보도, 산책로 등","40,000",2022-01-14 11:51
508,서울특별시 양천구 목동 913-3,"횡단보도, 산책로 등","40,000",2022-01-14 12:03
509,서울특별시 양천구 신정동 314-7,"횡단보도, 산책로 등","40,000",2022-01-14 12:54
510,서울특별시 양천구 신월동 293,보도와 차도가 구분된 도로의 차도,"40,000",2022-01-17 10:03
511,서울특별시 양천구 신정동 1075,"횡단보도, 산책로 등","40,000",2022-01-17 10:32
512,서울특별시 양천구 신정동 1066,"횡단보도, 산책로 등","40,000",2022-01-17 10:41
513,서울특별시 양천구 목동 405-1,"횡단보도, 산책로 등","40,000",2022-01-17 11:11
514,서울특별시 양천구 목동 405-212,지하철역 진출입로 및 주변,"40,000",2022-01-17 11:19
515,서울특별시 양천구 목동 406-189,"점자블록, 엘리베이터 입구","40,000",2022-01-17 11:29
516,서울특별시 양천구 목동 406-189,"점자블록, 엘리베이터 입구","40,000",2022-01-17 11:31
517,서울특별시 양천구 목동 913-3,"횡단보도, 산책로 등","40,000",2022-01-17 11:54
518,서울특별시 양천구 목동 901,"점자블록, 엘리베이터 입구","40,000",2022-01-17 12:24
519,서울특별시 양천구 목동 907-8,"횡단보도, 산책로 등","40,000",2022-01-17 12:42
520,서울특별시 양천구 목동 916,"횡단보도, 산책로 등","40,000",2022-01-17 12:51
521,서울특별시 양천구 신월동 798,"횡단보도, 산책로 등","40,000",2022-01-17 14:39
522,서울특별시 양천구 신월동 828,"점자블록, 엘리베이터 입구","40,000",2022-01-17 14:48
523,서울특별시 양천구 신정동 1110,"횡단보도, 산책로 등","40,000",2022-01-17 15:01
524,서울특별시 양천구 신정동 987-2,"횡단보도, 산책로 등","40,000",2022-01-17 15:04
525,서울특별시 양천구 목동 903-3,"버스정류장, 택시 승강장","40,000",2022-01-18 11:17
526,서울특별시 양천구 목동 917-3,"횡단보도, 산책로 등","40,000",2022-01-18 11:29
527,서울특별시 양천구 신정동 911-3,"점자블록, 엘리베이터 입구","40,000",2022-01-19 10:49
528,서울특별시 양천구 신정동 1056,"횡단보도, 산책로 등","40,000",2022-01-19 10:57
529,서울특별시 양천구 신정동 1065,"횡단보도, 산책로 등","40,000",2022-01-19 11:05
530,서울특별시 양천구 목동 405-212,"점자블록, 엘리베이터 입구","40,000",2022-01-19 11:28
531,서울특별시 양천구 목동 405-212,지하철역 진출입로 및 주변,"40,000",2022-01-19 11:31
532,서울특별시 양천구 목동 913-3,"횡단보도, 산책로 등","40,000",2022-01-19 11:44
533,서울특별시 양천구 목동 560,지하철역 진출입로 및 주변,"40,000",2022-01-19 12:11
534,서울특별시 양천구 목동 917-3,"횡단보도, 산책로 등","40,000",2022-01-19 12:35
535,서울특별시 양천구 신월동 640,보도와 차도가 구분된 도로의 차도,"40,000",2022-01-20 10:40
536,서울특별시 양천구 신월동 640,"횡단보도, 산책로 등","40,000",2022-01-20 10:45
537,서울특별시 양천구 신월동 617-2,"횡단보도, 산책로 등","40,000",2022-01-20 10:56
538,서울특별시 양천구 신정동 1093,"횡단보도, 산책로 등","40,000",2022-01-20 11:07
539,서울특별시 양천구 신정동 1142,보도와 차도가 구분된 도로의 차도,"40,000",2022-01-20 11:16
540,서울특별시 양천구 목동 405-212,"점자블록, 엘리베이터 입구","40,000",2022-01-20 11:31
541,서울특별시 양천구 목동 451,지하철역 진출입로 및 주변,"40,000",2022-01-20 11:42
542,서울특별시 양천구 목동 903-4,"횡단보도, 산책로 등","40,000",2022-01-20 12:15
543,서울특별시 양천구 목동 903-4,"횡단보도, 산책로 등","40,000",2022-01-20 12:17
544,서울특별시 양천구 목동 131-96,"횡단보도, 산책로 등","40,000",2022-01-20 12:31
545,서울특별시 양천구 목동 913-4,보도와 차도가 구분된 도로의 차도,"40,000",2022-01-20 12:59
546,서울특별시 양천구 목동 913-2,"횡단보도, 산책로 등","40,000",2022-01-20 13:10
547,서울특별시 양천구 목동 405-212,"점자블록, 엘리베이터 입구","40,000",2022-01-21 11:59
548,서울특별시 양천구 목동 405-212,지하철역 진출입로 및 주변,"40,000",2022-01-21 12:03
549,서울특별시 양천구 목동 405-212,지하철역 진출입로 및 주변,"40,000",2022-01-21 12:04
550,서울특별시 양천구 목동 405-212,지하철역 진출입로 및 주변,"40,000",2022-01-21 12:05
551,서울특별시 양천구 목동 560,지하철역 진출입로 및 주변,"40,000",2022-01-24 09:45
552,서울특별시 양천구 목동 405-212,"점자블록, 엘리베이터 입구","40,000",2022-01-24 10:08
553,서울특별시 양천구 목동 405-212,"점자블록, 엘리베이터 입구","40,000",2022-01-24 10:10
554,서울특별시 양천구 목동 405-212,지하철역 진출입로 및 주변,"40,000",2022-01-24 10:16
555,서울특별시 양천구 목동 405-84,지하철역 진출입로 및 주변,"40,000",2022-01-24 10:16
556,서울특별시 양천구 목동 405-212,지하철역 진출입로 및 주변,"40,000",2022-01-24 10:18
557,서울특별시 양천구 신정동 1056,보도와 차도가 구분된 도로의 차도,"40,000",2022-01-25 09:22
558,서울특별시 양천구 신정동 1056,보도와 차도가 구분된 도로의 차도,"40,000",2022-01-25 09:23
559,서울특별시 양천구 신정동 911-7,"횡단보도, 산책로 등","40,000",2022-01-25 09:35
560,서울특별시 양천구 신정동 911-7,"횡단보도, 산책로 등","40,000",2022-01-25 09:37
561,서울특별시 양천구 목동 927-8,지하철역 진출입로 및 주변,"40,000",2022-01-25 10:02
562,서울특별시 양천구 목동 405-212,지하철역 진출입로 및 주변,"40,000",2022-01-25 10:10
563,서울특별시 양천구 목동 405-212,지하철역 진출입로 및 주변,"40,000",2022-01-25 10:11
564,서울특별시 양천구 목동 406-4,"버스정류장, 택시 승강장","40,000",2022-01-25 10:37
565,서울특별시 양천구 목동 406-4,"버스정류장, 택시 승강장","40,000",2022-01-25 10:39
566,서울특별시 양천구 신월동 807,보도와 차도가 구분된 도로의 차도,"40,000",2022-01-26 09:23
567,서울특별시 양천구 신월동 803,보도와 차도가 구분된 도로의 차도,"40,000",2022-01-26 09:28
568,서울특별시 양천구 신월동 225-17,"횡단보도, 산책로 등","40,000",2022-01-26 09:37
569,서울특별시 양천구 신정동 1094,"횡단보도, 산책로 등","40,000",2022-01-26 10:03
570,서울특별시 양천구 목동 405-212,지하철역 진출입로 및 주변,"40,000",2022-01-26 10:18
571,서울특별시 양천구 목동 405-212,"점자블록, 엘리베이터 입구","40,000",2022-01-26 10:22
572,서울특별시 양천구 목동 405-212,"점자블록, 엘리베이터 입구","40,000",2022-01-26 10:23
573,서울특별시 양천구 목동 405-212,"점자블록, 엘리베이터 입구","40,000",2022-01-26 10:24
574,서울특별시 양천구 목동 451,지하철역 진출입로 및 주변,"40,000",2022-01-26 11:05
575,서울특별시 양천구 목동 451,"횡단보도, 산책로 등","40,000",2022-01-26 11:34
576,서울특별시 양천구 목동 903,"버스정류장, 택시 승강장","40,000",2022-01-27 11:09
577,서울특별시 양천구 목동 903,"버스정류장, 택시 승강장","40,000",2022-01-27 11:10
578,서울특별시 양천구 목동 405-212,"점자블록, 엘리베이터 입구","40,000",2022-01-27 11:27
579,서울특별시 양천구 목동 405-212,"점자블록, 엘리베이터 입구","40,000",2022-01-27 11:28
580,서울특별시 양천구 목동 405-212,"점자블록, 엘리베이터 입구","40,000",2022-01-27 11:29
581,서울특별시 양천구 목동 405-212,지하철역 진출입로 및 주변,"40,000",2022-01-27 11:37
582,서울특별시 양천구 목동 405-212,지하철역 진출입로 및 주변,"40,000",2022-01-27 11:38
583,서울특별시 양천구 목동 405-212,지하철역 진출입로 및 주변,"40,000",2022-01-27 11:39
584,서울특별시 양천구 목동 405-212,"점자블록, 엘리베이터 입구","40,000",2022-01-28 09:21
585,서울특별시 양천구 목동 405-212,지하철역 진출입로 및 주변,"40,000",2022-01-28 09:24
586,서울특별시 양천구 목동 405-212,지하철역 진출입로 및 주변,"40,000",2022-01-28 09:25
587,서울특별시 양천구 목동 405-212,지하철역 진출입로 및 주변,"40,000",2022-01-28 09:26
588,서울특별시 양천구 신정동 1124,"횡단보도, 산책로 등","40,000",2022-02-03 09:29
589,서울특별시 양천구 목동 405-212,"점자블록, 엘리베이터 입구","40,000",2022-02-03 09:42
590,서울특별시 양천구 목동 405-212,지하철역 진출입로 및 주변,"40,000",2022-02-03 09:46
591,서울특별시 양천구 목동 812,"횡단보도, 산책로 등","40,000",2022-02-03 09:58
592,서울특별시 양천구 신월동 802,보도와 차도가 구분된 도로의 차도,"40,000",2022-02-04 10:04
593,서울특별시 양천구 신정동 1065,"횡단보도, 산책로 등","40,000",2022-02-04 10:32
594,서울특별시 양천구 신정동 1065,"횡단보도, 산책로 등","40,000",2022-02-04 10:32
595,서울특별시 양천구 신정동 1065,"횡단보도, 산책로 등","40,000",2022-02-04 10:33
596,서울특별시 양천구 신정동 971-20,"버스정류장, 택시 승강장","40,000",2022-02-04 10:53
597,서울특별시 양천구 신정동 1050-1,"점자블록, 엘리베이터 입구","40,000",2022-02-04 11:03
598,서울특별시 양천구 신정동 313-1,"횡단보도, 산책로 등","40,000",2022-02-04 11:30
599,서울특별시 양천구 신정동 313-1,"횡단보도, 산책로 등","40,000",2022-02-04 11:31
600,서울특별시 양천구 목동 405-212,"점자블록, 엘리베이터 입구","40,000",2022-02-04 11:44
601,서울특별시 양천구 목동 405-212,지하철역 진출입로 및 주변,"40,000",2022-02-04 11:48
602,서울특별시 양천구 목동 916-2,"횡단보도, 산책로 등","40,000",2022-02-04 12:17
603,서울특별시 양천구 목동 603-25,지하철역 진출입로 및 주변,"40,000",2022-02-07 09:29
604,서울특별시 양천구 목동 131-30,"횡단보도, 산책로 등","40,000",2022-02-07 09:41
605,서울특별시 양천구 목동 199-51,"점자블록, 엘리베이터 입구","40,000",2022-02-07 09:53
606,서울특별시 양천구 목동 199-51,"점자블록, 엘리베이터 입구","40,000",2022-02-07 09:57
607,서울특별시 양천구 목동 915,"버스정류장, 택시 승강장","40,000",2022-02-07 10:21
608,서울특별시 양천구 목동 947,"버스정류장, 택시 승강장","40,000",2022-02-07 10:47
609,서울특별시 양천구 목동 947,"버스정류장, 택시 승강장","40,000",2022-02-07 10:48
610,서울특별시 양천구 목동 947,"버스정류장, 택시 승강장","40,000",2022-02-07 10:48
611,서울특별시 양천구 목동 916-1,"횡단보도, 산책로 등","40,000",2022-02-07 12:12
612,서울특별시 양천구 목동 406-44,"버스정류장, 택시 승강장","40,000",2022-02-07 13:02
613,서울특별시 양천구 목동 406-44,"버스정류장, 택시 승강장","40,000",2022-02-07 13:02
614,서울특별시 양천구 목동 406-44,"버스정류장, 택시 승강장","40,000",2022-02-07 13:03
615,서울특별시 양천구 목동 406-44,"버스정류장, 택시 승강장","40,000",2022-02-07 13:04
616,서울특별시 양천구 목동 406-44,"버스정류장, 택시 승강장","40,000",2022-02-07 13:05
617,서울특별시 양천구 목동 406-44,"버스정류장, 택시 승강장","40,000",2022-02-07 13:05
618,서울특별시 양천구 신정동 1142,보도와 차도가 구분된 도로의 차도,"40,000",2022-02-08 10:16
619,서울특별시 양천구 목동 405-212,"점자블록, 엘리베이터 입구","40,000",2022-02-08 10:33
620,서울특별시 양천구 목동 405-313,"점자블록, 엘리베이터 입구","40,000",2022-02-08 10:42
621,서울특별시 양천구 목동 606-5,지하철역 진출입로 및 주변,"40,000",2022-02-08 11:13
622,서울특별시 양천구 목동 900-9,지하철역 진출입로 및 주변,"40,000",2022-02-08 11:24
623,서울특별시 양천구 목동 900-9,지하철역 진출입로 및 주변,"40,000",2022-02-08 11:28
624,서울특별시 양천구 목동 405-212,"점자블록, 엘리베이터 입구","40,000",2022-02-09 11:03
625,서울특별시 양천구 목동 914-8,"횡단보도, 산책로 등","40,000",2022-02-09 11:15
626,서울특별시 양천구 목동 913-3,"횡단보도, 산책로 등","40,000",2022-02-09 11:35
627,서울특별시 양천구 목동 913-3,"횡단보도, 산책로 등","40,000",2022-02-09 11:36
628,서울특별시 양천구 목동 913-4,"횡단보도, 산책로 등","40,000",2022-02-09 11:41
629,서울특별시 양천구 신월동 116-5,보도와 차도가 구분된 도로의 차도,"40,000",2022-02-09 15:38
630,서울특별시 양천구 신정동 1065,보도와 차도가 구분된 도로의 차도,"40,000",2022-02-10 12:13
631,서울특별시 양천구 목동 404-177,"횡단보도, 산책로 등","40,000",2022-02-10 12:32
632,서울특별시 양천구 목동 915,"점자블록, 엘리베이터 입구","40,000",2022-02-10 12:44
633,서울특별시 양천구 목동 131-131,"횡단보도, 산책로 등","40,000",2022-02-11 10:21
634,서울특별시 양천구 목동 903-4,"횡단보도, 산책로 등","40,000",2022-02-11 10:33
635,서울특별시 양천구 목동 916-1,"횡단보도, 산책로 등","40,000",2022-02-11 10:53
636,서울특별시 양천구 목동 915,"버스정류장, 택시 승강장","40,000",2022-02-14 12:24
637,서울특별시 양천구 신월동 852,"점자블록, 엘리베이터 입구","40,000",2022-02-15 10:49
638,서울특별시 양천구 신월동 428-3,보도와 차도가 구분된 도로의 차도,"40,000",2022-02-15 11:00
639,서울특별시 양천구 신정동 1092,"횡단보도, 산책로 등","40,000",2022-02-15 11:10
640,서울특별시 양천구 목동 927,"버스정류장, 택시 승강장","40,000",2022-02-15 11:24
641,서울특별시 양천구 목동 927,"버스정류장, 택시 승강장","40,000",2022-02-15 11:24
642,서울특별시 양천구 신정동 948-42,"점자블록, 엘리베이터 입구","40,000",2022-02-16 09:37
643,서울특별시 양천구 신정동 311,"점자블록, 엘리베이터 입구","40,000",2022-02-16 09:48
644,서울특별시 양천구 신월동 899,보도와 차도가 구분된 도로의 차도,"40,000",2022-02-16 10:08
645,서울특별시 양천구 목동 131-131,"횡단보도, 산책로 등","40,000",2022-02-17 09:26
646,서울특별시 양천구 목동 131-131,"횡단보도, 산책로 등","40,000",2022-02-17 09:26
647,서울특별시 양천구 목동 903-11,"횡단보도, 산책로 등","40,000",2022-02-17 09:47
648,서울특별시 양천구 목동 131-131,"점자블록, 엘리베이터 입구","40,000",2022-02-18 10:25
649,서울특별시 양천구 신월동 287,보도와 차도가 구분된 도로의 차도,"40,000",2022-02-21 09:19
650,서울특별시 양천구 신월동 821,"횡단보도, 산책로 등","40,000",2022-02-21 09:29
651,서울특별시 양천구 신월동 825,"횡단보도, 산책로 등","40,000",2022-02-21 09:36
652,서울특별시 양천구 신월동 828,보도와 차도가 구분된 도로의 차도,"40,000",2022-02-21 09:45
653,서울특별시 양천구 신정동 1146,보도와 차도가 구분된 도로의 차도,"40,000",2022-02-21 10:14
654,서울특별시 양천구 신정동 1125,"점자블록, 엘리베이터 입구","40,000",2022-02-21 10:25
655,서울특별시 양천구 목동 901,"버스정류장, 택시 승강장","40,000",2022-02-22 11:45
656,서울특별시 양천구 목동 901,"버스정류장, 택시 승강장","40,000",2022-02-22 11:45
657,서울특별시 양천구 목동 903-6,"횡단보도, 산책로 등","40,000",2022-02-22 12:05
658,서울특별시 양천구 목동 903,"횡단보도, 산책로 등","40,000",2022-02-23 11:03
659,서울특별시 양천구 신월동 640,보도와 차도가 구분된 도로의 차도,"40,000",2022-02-24 11:17
660,서울특별시 양천구 신월동 601-1,"버스정류장, 택시 승강장","40,000",2022-02-24 11:28
661,서울특별시 양천구 신월동 601-1,"횡단보도, 산책로 등","40,000",2022-02-24 11:33
662,서울특별시 양천구 신정동 1093,"버스정류장, 택시 승강장","40,000",2022-02-24 11:48
663,서울특별시 양천구 신월동 807,보도와 차도가 구분된 도로의 차도,"40,000",2022-02-25 10:05
664,서울특별시 양천구 신정동 911-7,보도와 차도가 구분된 도로의 차도,"40,000",2022-02-25 10:24
665,서울특별시 양천구 신정동 902-3,"점자블록, 엘리베이터 입구","40,000",2022-02-25 10:31
666,서울특별시 양천구 신정동 1079,지하철역 진출입로 및 주변,"40,000",2022-02-25 10:41
667,서울특별시 양천구 신정동 1018-1,"점자블록, 엘리베이터 입구","40,000",2022-02-25 11:05
668,서울특별시 양천구 신정동 1094,"횡단보도, 산책로 등","40,000",2022-02-25 11:11
669,서울특별시 양천구 목동 905-25,"횡단보도, 산책로 등","40,000",2022-02-25 11:45
670,서울특별시 양천구 목동 905-25,"횡단보도, 산책로 등","40,000",2022-02-25 11:45
671,서울특별시 양천구 목동 917-2,"횡단보도, 산책로 등","40,000",2022-02-25 12:00
672,서울특별시 양천구 목동 905-25,"횡단보도, 산책로 등","40,000",2022-02-25 12:14
673,서울특별시 양천구 신월동 225-17,보도와 차도가 구분된 도로의 차도,"40,000",2022-02-28 09:23
674,서울특별시 양천구 신월동 824,"횡단보도, 산책로 등","40,000",2022-02-28 09:28
675,서울특별시 양천구 신정동 904-6,보도와 차도가 구분된 도로의 차도,"40,000",2022-02-28 09:43
676,서울특별시 양천구 목동 902-5,"버스정류장, 택시 승강장","40,000",2022-02-28 10:18
677,서울특별시 양천구 목동 907-1,"횡단보도, 산책로 등","40,000",2022-02-28 10:24
678,서울특별시 양천구 목동 905-16,"횡단보도, 산책로 등","40,000",2022-02-28 10:44
679,서울특별시 양천구 신월동 630,"횡단보도, 산책로 등","40,000",2022-02-28 12:16
680,서울특별시 양천구 신정동 326-3,"점자블록, 엘리베이터 입구","40,000",2022-02-28 12:32
681,서울특별시 양천구 신정동 318-10,"횡단보도, 산책로 등","40,000",2022-02-28 12:45
682,서울특별시 양천구 신정동 904-8,"횡단보도, 산책로 등","40,000",2022-03-02 09:49
683,서울특별시 양천구 신정동 1065,"횡단보도, 산책로 등","40,000",2022-03-02 10:07
684,서울특별시 양천구 신정동 1099,"횡단보도, 산책로 등","40,000",2022-03-02 10:19
685,서울특별시 양천구 신정동 992-1,"횡단보도, 산책로 등","40,000",2022-03-02 10:29
686,서울특별시 양천구 신정동 1032-4,"점자블록, 엘리베이터 입구","40,000",2022-03-02 10:43
687,서울특별시 양천구 신정동 888-47,"횡단보도, 산책로 등","40,000",2022-03-03 09:39
688,서울특별시 양천구 신정동 888-47,"횡단보도, 산책로 등","40,000",2022-03-03 09:39
689,서울특별시 양천구 신정동 1233,"횡단보도, 산책로 등","40,000",2022-03-03 10:10
690,서울특별시 양천구 목동 916-2,"점자블록, 엘리베이터 입구","40,000",2022-03-03 10:37
691,서울특별시 양천구 목동 912-2,"버스정류장, 택시 승강장","40,000",2022-03-03 10:56
692,서울특별시 양천구 목동 908-24,"횡단보도, 산책로 등","40,000",2022-03-03 11:07
693,서울특별시 양천구 목동 406-173,"횡단보도, 산책로 등","40,000",2022-03-03 12:19
694,서울특별시 양천구 목동 406-173,"횡단보도, 산책로 등","40,000",2022-03-03 12:20
695,서울특별시 양천구 목동 650-10,"버스정류장, 택시 승강장","40,000",2022-03-04 10:59
696,서울특별시 양천구 목동 650-10,"버스정류장, 택시 승강장","40,000",2022-03-04 11:01
697,서울특별시 양천구 목동 650-10,"버스정류장, 택시 승강장","40,000",2022-03-04 11:00
698,서울특별시 양천구 목동 650-10,"버스정류장, 택시 승강장","40,000",2022-03-04 11:01
699,서울특별시 양천구 목동 650-10,"버스정류장, 택시 승강장","40,000",2022-03-04 11:02
700,서울특별시 양천구 목동 603-26,"점자블록, 엘리베이터 입구","40,000",2022-03-04 11:10
701,서울특별시 양천구 목동 915,"점자블록, 엘리베이터 입구","40,000",2022-03-04 11:36
702,서울특별시 양천구 목동 131-125,"버스정류장, 택시 승강장","40,000",2022-03-07 13:55
703,서울특별시 양천구 목동 202-20,"점자블록, 엘리베이터 입구","40,000",2022-03-07 14:02
704,서울특별시 양천구 목동 405-212,"점자블록, 엘리베이터 입구","40,000",2022-03-07 14:32
705,서울특별시 양천구 목동 405-286,"점자블록, 엘리베이터 입구","40,000",2022-03-07 14:37
706,서울특별시 양천구 목동 451,"버스정류장, 택시 승강장","40,000",2022-03-07 14:47
707,서울특별시 양천구 신정동 911-3,"점자블록, 엘리베이터 입구","40,000",2022-03-07 15:15
708,서울특별시 양천구 신정동 902-1,"점자블록, 엘리베이터 입구","40,000",2022-03-07 15:23
709,서울특별시 양천구 신정동 1117,"점자블록, 엘리베이터 입구","40,000",2022-03-07 15:32
710,서울특별시 양천구 신정동 1074,"버스정류장, 택시 승강장","40,000",2022-03-07 15:37
711,서울특별시 양천구 목동 606-1,"횡단보도, 산책로 등","40,000",2022-03-08 09:17
712,서울특별시 양천구 신월동 792,보도와 차도가 구분된 도로의 차도,"40,000",2022-03-10 09:09
713,서울특별시 양천구 신정동 1065,"점자블록, 엘리베이터 입구","40,000",2022-03-10 09:32
714,서울특별시 양천구 신정동 1065,"점자블록, 엘리베이터 입구","40,000",2022-03-10 09:32
715,서울특별시 양천구 신월동 628,"횡단보도, 산책로 등","40,000",2022-03-10 09:49
716,서울특별시 양천구 신정동 1145,"횡단보도, 산책로 등","40,000",2022-03-10 09:59
717,서울특별시 양천구 신정동 1323-2,"횡단보도, 산책로 등","40,000",2022-03-10 10:05
718,서울특별시 양천구 신정동 1142,"점자블록, 엘리베이터 입구","40,000",2022-03-10 10:09
719,서울특별시 양천구 신정동 1126,보도와 차도가 구분된 도로의 차도,"40,000",2022-03-10 10:19
720,서울특별시 양천구 신정동 1095,"버스정류장, 택시 승강장","40,000",2022-03-10 10:48
721,서울특별시 양천구 신정동 313-6,"횡단보도, 산책로 등","40,000",2022-03-10 10:55
722,서울특별시 양천구 신정동 322-4,"버스정류장, 택시 승강장","40,000",2022-03-10 11:09
723,서울특별시 양천구 목동 569,"횡단보도, 산책로 등","40,000",2022-03-10 15:02
724,서울특별시 양천구 신월동 804,보도와 차도가 구분된 도로의 차도,"40,000",2022-03-11 09:48
725,서울특별시 양천구 신월동 824,"횡단보도, 산책로 등","40,000",2022-03-11 09:51
726,서울특별시 양천구 신정동 1074,"점자블록, 엘리베이터 입구","40,000",2022-03-11 10:47
727,서울특별시 양천구 신월동 798,보도와 차도가 구분된 도로의 차도,"40,000",2022-03-14 09:16
728,서울특별시 양천구 신월동 829,보도와 차도가 구분된 도로의 차도,"40,000",2022-03-14 09:23
729,서울특별시 양천구 신월동 829,보도와 차도가 구분된 도로의 차도,"40,000",2022-03-14 09:30
730,서울특별시 양천구 신정동 1065,보도와 차도가 구분된 도로의 차도,"40,000",2022-03-14 09:48
731,서울특별시 양천구 신정동 1090,지하철역 진출입로 및 주변,"40,000",2022-03-14 10:01
732,서울특별시 양천구 신정동 1031-1,"횡단보도, 산책로 등","40,000",2022-03-14 10:13
733,서울특별시 양천구 목동 406-189,"버스정류장, 택시 승강장","40,000",2022-03-14 10:32
734,서울특별시 양천구 목동 907-1,"횡단보도, 산책로 등","40,000",2022-03-14 10:48
735,서울특별시 양천구 목동 913-4,"횡단보도, 산책로 등","40,000",2022-03-14 12:41
736,서울특별시 양천구 목동 913-4,"횡단보도, 산책로 등","40,000",2022-03-14 12:45
737,서울특별시 양천구 목동 912-2,"버스정류장, 택시 승강장","40,000",2022-03-14 12:53
738,서울특별시 양천구 신월동 796,보도와 차도가 구분된 도로의 차도,"40,000",2022-03-15 09:04
739,서울특별시 양천구 신월동 804,보도와 차도가 구분된 도로의 차도,"40,000",2022-03-15 09:12
740,서울특별시 양천구 신정동 1065,"횡단보도, 산책로 등","40,000",2022-03-15 09:29
741,서울특별시 양천구 신월동 630,"횡단보도, 산책로 등","40,000",2022-03-15 09:47
742,서울특별시 양천구 신월동 903,보도와 차도가 구분된 도로의 차도,"40,000",2022-03-15 09:56
743,서울특별시 양천구 신정동 1126,보도와 차도가 구분된 도로의 차도,"40,000",2022-03-15 10:10
744,서울특별시 양천구 목동 856,"횡단보도, 산책로 등","40,000",2022-03-15 10:44
745,서울특별시 양천구 신월동 805,"횡단보도, 산책로 등","40,000",2022-03-15 16:06
746,서울특별시 양천구 신정동 311-4,"횡단보도, 산책로 등","40,000",2022-03-15 16:25
747,서울특별시 양천구 신정동 319-4,"횡단보도, 산책로 등","40,000",2022-03-15 16:38
748,서울특별시 양천구 신정동 329-10,"버스정류장, 택시 승강장","40,000",2022-03-15 16:47
749,서울특별시 양천구 신정동 319-3,"횡단보도, 산책로 등","40,000",2022-03-15 16:53
750,서울특별시 양천구 신월동 798,보도와 차도가 구분된 도로의 차도,"40,000",2022-03-16 10:00
751,서울특별시 양천구 신월동 827,보도와 차도가 구분된 도로의 차도,"40,000",2022-03-16 10:10
752,서울특별시 양천구 신정동 1056,"점자블록, 엘리베이터 입구","40,000",2022-03-16 10:20
753,서울특별시 양천구 신정동 902-1,"점자블록, 엘리베이터 입구","40,000",2022-03-16 10:29
754,서울특별시 양천구 신정동 319-24,"횡단보도, 산책로 등","40,000",2022-03-16 10:54
755,서울특별시 양천구 신월동 824,보도와 차도가 구분된 도로의 차도,"40,000",2022-03-17 12:12
756,서울특별시 양천구 신월동 809,"점자블록, 엘리베이터 입구","40,000",2022-03-17 14:04
757,서울특별시 양천구 신월동 977,"횡단보도, 산책로 등","40,000",2022-03-17 14:20
758,서울특별시 양천구 신월동 977,"횡단보도, 산책로 등","40,000",2022-03-17 14:21
759,서울특별시 양천구 신월동 977,"횡단보도, 산책로 등","40,000",2022-03-17 14:21
760,서울특별시 양천구 신정동 1234,"횡단보도, 산책로 등","40,000",2022-03-17 14:38
761,서울특별시 양천구 신정동 1232,"점자블록, 엘리베이터 입구","40,000",2022-03-17 14:44
762,서울특별시 양천구 신월동 630,보도와 차도가 구분된 도로의 차도,"40,000",2022-03-18 09:07
763,서울특별시 양천구 신월동 630,보도와 차도가 구분된 도로의 차도,"40,000",2022-03-18 09:07
764,서울특별시 양천구 신월동 630,보도와 차도가 구분된 도로의 차도,"40,000",2022-03-18 09:08
765,서울특별시 양천구 신월동 514-17,"횡단보도, 산책로 등","40,000",2022-03-18 09:23
766,서울특별시 양천구 신월동 898,보도와 차도가 구분된 도로의 차도,"40,000",2022-03-18 09:27
767,서울특별시 양천구 신정동 1126,보도와 차도가 구분된 도로의 차도,"40,000",2022-03-18 09:42
768,서울특별시 양천구 신정동 1093,"횡단보도, 산책로 등","40,000",2022-03-18 09:51
769,서울특별시 양천구 목동 901-7,"버스정류장, 택시 승강장","40,000",2022-03-18 10:23
770,서울특별시 양천구 목동 901-7,"버스정류장, 택시 승강장","40,000",2022-03-18 10:24
771,서울특별시 양천구 신월동 795,보도와 차도가 구분된 도로의 차도,"40,000",2022-03-21 09:37
772,서울특별시 양천구 신월동 226-8,"횡단보도, 산책로 등","40,000",2022-03-21 09:46
773,서울특별시 양천구 신월동 826,보도와 차도가 구분된 도로의 차도,"40,000",2022-03-21 09:52
774,서울특별시 양천구 신정동 1056,"횡단보도, 산책로 등","40,000",2022-03-21 10:04
775,서울특별시 양천구 신정동 1323-2,보도와 차도가 구분된 도로의 차도,"40,000",2022-03-21 10:19
776,서울특별시 양천구 신정동 1126,보도와 차도가 구분된 도로의 차도,"40,000",2022-03-21 10:28
777,서울특별시 양천구 목동 605-23,"횡단보도, 산책로 등","40,000",2022-03-22 09:19
778,서울특별시 양천구 목동 603-25,"점자블록, 엘리베이터 입구","40,000",2022-03-22 09:25
779,서울특별시 양천구 목동 904-2,"점자블록, 엘리베이터 입구","40,000",2022-03-22 09:40
780,서울특별시 양천구 신월동 887,"횡단보도, 산책로 등","40,000",2022-03-22 10:15
781,서울특별시 양천구 신월동 628,"횡단보도, 산책로 등","40,000",2022-03-22 10:26
782,서울특별시 양천구 신정동 1190-2,"횡단보도, 산책로 등","40,000",2022-03-22 10:37
783,서울특별시 양천구 신정동 1190-2,"횡단보도, 산책로 등","40,000",2022-03-22 10:37
784,서울특별시 양천구 신정동 311-4,보도와 차도가 구분된 도로의 차도,"40,000",2022-03-22 10:48
785,서울특별시 양천구 신월동 791,"횡단보도, 산책로 등","40,000",2022-03-22 15:40
786,서울특별시 양천구 신정동 311-4,"점자블록, 엘리베이터 입구","40,000",2022-03-22 16:13
787,서울특별시 양천구 목동 199-51,"점자블록, 엘리베이터 입구","40,000",2022-03-23 10:37
788,서울특별시 양천구 목동 904,"점자블록, 엘리베이터 입구","40,000",2022-03-23 10:48
789,서울특별시 양천구 목동 919-8,자전거 도로,"40,000",2022-03-23 10:55
790,서울특별시 양천구 목동 925,자전거 도로,"40,000",2022-03-23 11:02
791,서울특별시 양천구 목동 408-174,자전거 도로,"40,000",2022-03-23 11:08
792,서울특별시 양천구 신정동 314-7,"횡단보도, 산책로 등","40,000",2022-03-23 11:15
793,서울특별시 양천구 신정동 314-7,"횡단보도, 산책로 등","40,000",2022-03-23 11:15
794,서울특별시 양천구 신정동 314,자전거 도로,"40,000",2022-03-23 11:23
795,서울특별시 양천구 신정동 311-2,"횡단보도, 산책로 등","40,000",2022-03-23 11:31
796,서울특별시 양천구 목동 405-276,자전거 도로,"40,000",2022-03-23 11:42
797,서울특별시 양천구 목동 913,"횡단보도, 산책로 등","40,000",2022-03-23 12:01
798,서울특별시 양천구 목동 912,자전거 도로,"40,000",2022-03-23 12:11
799,서울특별시 양천구 목동 912,자전거 도로,"40,000",2022-03-23 12:11
800,서울특별시 양천구 목동 912,자전거 도로,"40,000",2022-03-23 12:11
801,서울특별시 양천구 신월동 805,보도와 차도가 구분된 도로의 차도,"40,000",2022-03-24 09:25
802,서울특별시 양천구 신월동 824,"점자블록, 엘리베이터 입구","40,000",2022-03-24 09:35
803,서울특별시 양천구 신월동 829,보도와 차도가 구분된 도로의 차도,"40,000",2022-03-24 09:46
804,서울특별시 양천구 신정동 1190-2,"횡단보도, 산책로 등","40,000",2022-03-24 10:15
805,서울특별시 양천구 목동 912-2,자전거 도로,"40,000",2022-03-24 11:01
806,서울특별시 양천구 목동 901,"점자블록, 엘리베이터 입구","40,000",2022-03-24 11:15
807,서울특별시 양천구 목동 900-12,"횡단보도, 산책로 등","40,000",2022-03-24 11:23
808,서울특별시 양천구 목동 406-265,"버스정류장, 택시 승강장","40,000",2022-03-24 11:49
809,서울특별시 양천구 목동 923-5,"횡단보도, 산책로 등","40,000",2022-03-24 12:00
810,서울특별시 양천구 신월동 805,"횡단보도, 산책로 등","40,000",2022-03-25 09:15
811,서울특별시 양천구 신정동 1142,보도와 차도가 구분된 도로의 차도,"40,000",2022-03-25 09:39
812,서울특별시 양천구 목동 405-212,"점자블록, 엘리베이터 입구","40,000",2022-03-25 09:57
813,서울특별시 양천구 목동 913-3,"횡단보도, 산책로 등","40,000",2022-03-25 10:25
814,서울특별시 양천구 목동 913-3,"횡단보도, 산책로 등","40,000",2022-03-25 10:26
815,서울특별시 양천구 목동 913-3,"횡단보도, 산책로 등","40,000",2022-03-25 10:26
816,서울특별시 양천구 목동 569,"횡단보도, 산책로 등","40,000",2022-03-25 12:44
817,서울특별시 양천구 신월동 805,"횡단보도, 산책로 등","40,000",2022-03-28 09:13
818,서울특별시 양천구 신정동 1065,"점자블록, 엘리베이터 입구","40,000",2022-03-28 09:30
819,서울특별시 양천구 신정동 902-4,"점자블록, 엘리베이터 입구","40,000",2022-03-28 09:34
820,서울특별시 양천구 신정동 1065,보도와 차도가 구분된 도로의 차도,"40,000",2022-03-28 09:40
821,서울특별시 양천구 신정동 314-7,"점자블록, 엘리베이터 입구","40,000",2022-03-28 10:10
822,서울특별시 양천구 신정동 314,"횡단보도, 산책로 등","40,000",2022-03-28 10:17
823,서울특별시 양천구 신정동 313-4,보도와 차도가 구분된 도로의 차도,"40,000",2022-03-28 10:30
824,서울특별시 양천구 신정동 313,자전거 도로,"40,000",2022-03-28 10:36
825,서울특별시 양천구 목동 912,자전거 도로,"40,000",2022-03-28 11:07
826,서울특별시 양천구 목동 912,자전거 도로,"40,000",2022-03-28 11:07
827,서울특별시 양천구 목동 914-9,"횡단보도, 산책로 등","40,000",2022-03-28 11:22
828,서울특별시 양천구 목동 914-9,"횡단보도, 산책로 등","40,000",2022-03-28 11:22
829,서울특별시 양천구 목동 913-3,"버스정류장, 택시 승강장","40,000",2022-03-28 13:45
830,서울특별시 양천구 목동 913,자전거 도로,"40,000",2022-03-28 14:09
831,서울특별시 양천구 신월동 222-7,자전거 도로,"40,000",2022-03-28 14:48
832,서울특별시 양천구 신월동 293,보도와 차도가 구분된 도로의 차도,"40,000",2022-03-29 09:18
833,서울특별시 양천구 신월동 849,"횡단보도, 산책로 등","40,000",2022-03-29 09:42
834,서울특별시 양천구 신월동 639,"점자블록, 엘리베이터 입구","40,000",2022-03-29 09:49
835,서울특별시 양천구 신정동 1050-3,"횡단보도, 산책로 등","40,000",2022-03-29 10:04
836,서울특별시 양천구 목동 912,자전거 도로,"40,000",2022-03-29 10:36
837,서울특별시 양천구 목동 911-1,"횡단보도, 산책로 등","40,000",2022-03-29 10:44
838,서울특별시 양천구 신정동 994-5,"버스정류장, 택시 승강장","40,000",2022-03-29 11:01
839,서울특별시 양천구 목동 406-173,"버스정류장, 택시 승강장","40,000",2022-03-29 11:12
840,서울특별시 양천구 신정동 1055,"횡단보도, 산책로 등","40,000",2022-03-30 09:18
841,서울특별시 양천구 신정동 1065,보도와 차도가 구분된 도로의 차도,"40,000",2022-03-30 09:27
842,서울특별시 양천구 신월동 849,"횡단보도, 산책로 등","40,000",2022-03-30 09:47
843,서울특별시 양천구 신월동 849,"횡단보도, 산책로 등","40,000",2022-03-30 09:47
844,서울특별시 양천구 신정동 1142,보도와 차도가 구분된 도로의 차도,"40,000",2022-03-30 10:04
845,서울특별시 양천구 신정동 314,"점자블록, 엘리베이터 입구","40,000",2022-03-30 10:15
846,서울특별시 양천구 신정동 314,"점자블록, 엘리베이터 입구","40,000",2022-03-30 10:22
847,서울특별시 양천구 목동 405-205,자전거 도로,"40,000",2022-03-30 10:42
848,서울특별시 양천구 목동 451,"버스정류장, 택시 승강장","40,000",2022-03-30 11:10
849,서울특별시 양천구 목동 408-172,"횡단보도, 산책로 등","40,000",2022-03-30 12:54
850,서울특별시 양천구 목동 408-162,"버스정류장, 택시 승강장","40,000",2022-03-30 12:58
851,서울특별시 양천구 신정동 1074,"횡단보도, 산책로 등","40,000",2022-03-31 09:29
852,서울특별시 양천구 신정동 902-4,"점자블록, 엘리베이터 입구","40,000",2022-03-31 09:39
853,서울특별시 양천구 신정동 1050-1,보도와 차도가 구분된 도로의 차도,"40,000",2022-03-31 10:02
854,서울특별시 양천구 신정동 1146,보도와 차도가 구분된 도로의 차도,"40,000",2022-03-31 10:07
855,서울특별시 양천구 신정동 322-4,자전거 도로,"40,000",2022-03-31 10:24
856,서울특별시 양천구 목동 913,자전거 도로,"40,000",2022-03-31 10:41
857,서울특별시 양천구 목동 911,자전거 도로,"40,000",2022-03-31 10:50
858,서울특별시 양천구 신월동 849,"횡단보도, 산책로 등","40,000",2022-04-01 10:09
859,서울특별시 양천구 신월동 639,"횡단보도, 산책로 등","40,000",2022-04-01 10:10
860,서울특별시 양천구 신정동 1233,"횡단보도, 산책로 등","40,000",2022-04-01 10:33
861,서울특별시 양천구 신정동 1142,보도와 차도가 구분된 도로의 차도,"40,000",2022-04-01 10:39
862,서울특별시 양천구 신정동 312,자전거 도로,"40,000",2022-04-01 10:46
863,서울특별시 양천구 신월동 903,보도와 차도가 구분된 도로의 차도,"40,000",2022-04-01 10:24
864,서울특별시 양천구 신월동 903,보도와 차도가 구분된 도로의 차도,"40,000",2022-04-01 10:25
865,서울특별시 양천구 신월동 642,"횡단보도, 산책로 등","40,000",2022-04-01 11:44
866,서울특별시 양천구 신월동 642,"횡단보도, 산책로 등","40,000",2022-04-01 11:45
867,서울특별시 양천구 신정동 1142,보도와 차도가 구분된 도로의 차도,"40,000",2022-04-04 10:05
868,서울특별시 양천구 목동 912,자전거 도로,"40,000",2022-04-04 10:32
869,서울특별시 양천구 목동 919-8,자전거 도로,"40,000",2022-04-05 09:06
870,서울특별시 양천구 목동 919-2,자전거 도로,"40,000",2022-04-05 09:04
871,서울특별시 양천구 목동 919-2,자전거 도로,"40,000",2022-04-05 09:03
872,서울특별시 양천구 목동 919-2,자전거 도로,"40,000",2022-04-05 09:02
873,서울특별시 양천구 신정동 1145,보도와 차도가 구분된 도로의 차도,"40,000",2022-04-05 09:59
874,서울특별시 양천구 신정동 1056,보도와 차도가 구분된 도로의 차도,"40,000",2022-04-05 10:13
875,서울특별시 양천구 신정동 1065,보도와 차도가 구분된 도로의 차도,"40,000",2022-04-05 10:22
876,서울특별시 양천구 신월동 798,보도와 차도가 구분된 도로의 차도,"40,000",2022-04-05 11:24
877,서울특별시 양천구 신정동 1126,보도와 차도가 구분된 도로의 차도,"40,000",2022-04-06 15:28
878,서울특별시 양천구 신정동 1112,보도와 차도가 구분된 도로의 차도,"40,000",2022-04-07 09:14
879,서울특별시 양천구 신정동 1112,보도와 차도가 구분된 도로의 차도,"40,000",2022-04-07 09:12
880,서울특별시 양천구 신정동 1146,보도와 차도가 구분된 도로의 차도,"40,000",2022-04-07 09:25
881,서울특별시 양천구 신정동 1146,보도와 차도가 구분된 도로의 차도,"40,000",2022-04-07 09:31
882,서울특별시 양천구 목동 917-3,자전거 도로,"40,000",2022-04-07 09:56
883,서울특별시 양천구 목동 405-69,"건물, 상가 보행자 진출입","40,000",2022-04-08 16:40
884,서울특별시 양천구 목동 405-18,보도와 차도가 구분된 도로의 차도,"40,000",2022-04-08 16:48
885,서울특별시 양천구 목동 405-18,"건물, 상가 보행자 진출입","40,000",2022-04-08 16:49
886,서울특별시 양천구 목동 405-18,보도와 차도가 구분된 도로의 차도,"40,000",2022-04-08 17:00
887,서울특별시 양천구 목동 405-18,보도와 차도가 구분된 도로의 차도,"40,000",2022-04-08 17:00
888,서울특별시 양천구 목동 405-18,보도와 차도가 구분된 도로의 차도,"40,000",2022-04-08 17:01
889,서울특별시 양천구 목동 405-18,자전거 도로,"40,000",2022-04-11 13:02
890,서울특별시 양천구 신정동 322-4,자전거 도로,"40,000",2022-04-11 13:30
891,서울특별시 양천구 신정동 322-4,자전거 도로,"40,000",2022-04-11 13:35
892,서울특별시 양천구 신정동 1142,보도와 차도가 구분된 도로의 차도,"40,000",2022-04-11 13:50
893,서울특별시 양천구 목동 405-171,자전거 도로,"40,000",2022-04-11 14:07
894,서울특별시 양천구 신월동 109-1,보도와 차도가 구분된 도로의 차도,"40,000",2022-04-12 09:06
895,서울특별시 양천구 신월동 805,보도와 차도가 구분된 도로의 차도,"40,000",2022-04-12 09:14
896,서울특별시 양천구 신월동 805,보도와 차도가 구분된 도로의 차도,"40,000",2022-04-12 09:17
897,서울특별시 양천구 신월동 121-17,"횡단보도, 산책로 등","40,000",2022-04-12 10:51
898,서울특별시 양천구 신정동 1112,보도와 차도가 구분된 도로의 차도,"40,000",2022-04-12 09:45
899,서울특별시 양천구 목동 917-3,자전거 도로,"40,000",2022-04-12 10:12
900,서울특별시 양천구 목동 916,"횡단보도, 산책로 등","40,000",2022-04-12 11:39
901,서울특별시 양천구 목동 916,"횡단보도, 산책로 등","40,000",2022-04-12 11:40
902,서울특별시 양천구 목동 916,"횡단보도, 산책로 등","40,000",2022-04-12 11:41
903,서울특별시 양천구 신정동 1069,보도와 차도가 구분된 도로의 차도,"40,000",2022-04-12 11:19
904,서울특별시 양천구 목동 406-43,보도와 차도가 구분된 도로의 차도,"40,000",2022-04-12 11:51
905,서울특별시 양천구 목동 900,자전거 도로,"40,000",2022-04-13 10:08
906,서울특별시 양천구 목동 900,자전거 도로,"40,000",2022-04-13 10:15
907,서울특별시 양천구 목동 912,자전거 도로,"40,000",2022-04-13 10:22
908,서울특별시 양천구 목동 912-2,자전거 도로,"40,000",2022-04-13 10:27
909,서울특별시 양천구 목동 934,보도와 차도가 구분된 도로의 차도,"40,000",2022-04-13 10:45
910,서울특별시 양천구 목동 406-43,보도와 차도가 구분된 도로의 차도,"40,000",2022-04-13 11:01
911,서울특별시 양천구 목동 406-43,보도와 차도가 구분된 도로의 차도,"40,000",2022-04-13 11:01
912,서울특별시 양천구 신정동 1030-5,보도와 차도가 구분된 도로의 차도,"40,000",2022-04-13 11:36
913,서울특별시 양천구 신정동 322-4,자전거 도로,"40,000",2022-04-13 11:48
914,서울특별시 양천구 신정동 312,"점자블록, 엘리베이터 입구","40,000",2022-04-13 13:17
915,서울특별시 양천구 신정동 312,"점자블록, 엘리베이터 입구","40,000",2022-04-13 13:18
916,서울특별시 양천구 신정동 984-1,보도와 차도가 구분된 도로의 차도,"40,000",2022-04-13 13:08
917,서울특별시 양천구 신정동 311,보도와 차도가 구분된 도로의 차도,"40,000",2022-04-14 09:28
918,서울특별시 양천구 신정동 1050-6,보도와 차도가 구분된 도로의 차도,"40,000",2022-04-14 09:36
919,서울특별시 양천구 신정동 1145,보도와 차도가 구분된 도로의 차도,"40,000",2022-04-14 09:44
920,서울특별시 양천구 신정동 1145,보도와 차도가 구분된 도로의 차도,"40,000",2022-04-14 09:47
921,서울특별시 양천구 신정동 984-1,보도와 차도가 구분된 도로의 차도,"40,000",2022-04-14 09:57
922,서울특별시 양천구 목동 405-212,"점자블록, 엘리베이터 입구","40,000",2022-04-14 11:13
923,서울특별시 양천구 신정동 902-1,"점자블록, 엘리베이터 입구","40,000",2022-04-14 11:41
924,서울특별시 양천구 신정동 1232,"횡단보도, 산책로 등","40,000",2022-04-14 11:58
925,서울특별시 양천구 신정동 1117,보도와 차도가 구분된 도로의 차도,"40,000",2022-04-14 11:36
926,서울특별시 양천구 신정동 1112,보도와 차도가 구분된 도로의 차도,"40,000",2022-04-15 11:18
927,서울특별시 양천구 신정동 1065,보도와 차도가 구분된 도로의 차도,"40,000",2022-04-15 11:36
928,서울특별시 양천구 신정동 1065,보도와 차도가 구분된 도로의 차도,"40,000",2022-04-18 09:11
929,서울특별시 양천구 신정동 1065,"횡단보도, 산책로 등","40,000",2022-04-18 10:23
930,서울특별시 양천구 신정동 1065,"횡단보도, 산책로 등","40,000",2022-04-18 10:24
931,서울특별시 양천구 신정동 1065,"횡단보도, 산책로 등","40,000",2022-04-18 10:25
932,서울특별시 양천구 신정동 1112,보도와 차도가 구분된 도로의 차도,"40,000",2022-04-18 09:31
933,서울특별시 양천구 신정동 1112,보도와 차도가 구분된 도로의 차도,"40,000",2022-04-18 09:30
934,서울특별시 양천구 신정동 1110,보도와 차도가 구분된 도로의 차도,"40,000",2022-04-18 09:39
935,서울특별시 양천구 신정동 320-2,자전거 도로,"40,000",2022-04-18 10:01
936,서울특별시 양천구 목동 912,자전거 도로,"40,000",2022-04-18 10:49
937,서울특별시 양천구 목동 849,보도와 차도가 구분된 도로의 차도,"40,000",2022-04-18 12:00
938,서울특별시 양천구 목동 903-6,자전거 도로,"40,000",2022-04-19 09:29
939,서울특별시 양천구 신정동 322-4,자전거 도로,"40,000",2022-04-19 09:40
940,서울특별시 양천구 신정동 1068,보도와 차도가 구분된 도로의 차도,"40,000",2022-04-19 10:01
941,서울특별시 양천구 목동 932,자전거 도로,"40,000",2022-04-19 10:18
942,서울특별시 양천구 목동 915,자전거 도로,"40,000",2022-04-19 10:27
943,서울특별시 양천구 목동 907-1,보도와 차도가 구분된 도로의 차도,"40,000",2022-04-20 11:10
944,서울특별시 양천구 목동 919-8,자전거 도로,"40,000",2022-04-20 11:22
945,서울특별시 양천구 신정동 314-3,자전거 도로,"40,000",2022-04-20 11:40
946,서울특별시 양천구 신정동 1093,보도와 차도가 구분된 도로의 차도,"40,000",2022-04-20 12:03
947,서울특별시 양천구 신정동 1093,보도와 차도가 구분된 도로의 차도,"40,000",2022-04-20 12:03
948,서울특별시 양천구 신정동 1112,보도와 차도가 구분된 도로의 차도,"40,000",2022-04-20 12:15
949,서울특별시 양천구 신월동 116-15,보도와 차도가 구분된 도로의 차도,"40,000",2022-04-21 09:51
950,서울특별시 양천구 신월동 824,보도와 차도가 구분된 도로의 차도,"40,000",2022-04-21 10:03
951,서울특별시 양천구 신월동 801,보도와 차도가 구분된 도로의 차도,"40,000",2022-04-21 10:10
952,서울특별시 양천구 신정동 1065,보도와 차도가 구분된 도로의 차도,"40,000",2022-04-21 10:24
953,서울특별시 양천구 신정동 1146,보도와 차도가 구분된 도로의 차도,"40,000",2022-04-21 10:38
954,서울특별시 양천구 신정동 322-4,자전거 도로,"40,000",2022-04-21 10:53
955,서울특별시 양천구 신월동 640,보도와 차도가 구분된 도로의 차도,"40,000",2022-04-21 16:21
956,서울특별시 양천구 신월동 826,보도와 차도가 구분된 도로의 차도,"40,000",2022-04-22 09:25
957,서울특별시 양천구 신월동 826,보도와 차도가 구분된 도로의 차도,"40,000",2022-04-22 09:26
958,서울특별시 양천구 신월동 826,보도와 차도가 구분된 도로의 차도,"40,000",2022-04-22 09:26
959,서울특별시 양천구 신정동 1112,보도와 차도가 구분된 도로의 차도,"40,000",2022-04-22 09:46
960,서울특별시 양천구 신정동 956-3,보도와 차도가 구분된 도로의 차도,"40,000",2022-04-22 09:52
961,서울특별시 양천구 신월동 804,보도와 차도가 구분된 도로의 차도,"40,000",2022-04-25 09:21
962,서울특별시 양천구 신정동 1065,보도와 차도가 구분된 도로의 차도,"40,000",2022-04-25 09:43
963,서울특별시 양천구 신정동 1323-2,보도와 차도가 구분된 도로의 차도,"40,000",2022-04-25 09:54
964,서울특별시 양천구 신정동 1127,보도와 차도가 구분된 도로의 차도,"40,000",2022-04-25 10:02
965,서울특별시 양천구 신정동 1112,보도와 차도가 구분된 도로의 차도,"40,000",2022-04-25 10:13
966,서울특별시 양천구 신정동 314,자전거 도로,"40,000",2022-04-25 10:23
967,서울특별시 양천구 목동 406-13,자전거 도로,"40,000",2022-04-25 10:37
968,서울특별시 양천구 신월동 823,보도와 차도가 구분된 도로의 차도,"40,000",2022-04-26 09:20
969,서울특별시 양천구 신정동 888-47,보도와 차도가 구분된 도로의 차도,"40,000",2022-04-26 09:41
970,서울특별시 양천구 신정동 1112,보도와 차도가 구분된 도로의 차도,"40,000",2022-04-26 09:52
971,서울특별시 양천구 신정동 1112,보도와 차도가 구분된 도로의 차도,"40,000",2022-04-26 09:56
972,서울특별시 양천구 신월동 826,보도와 차도가 구분된 도로의 차도,"40,000",2022-04-27 09:01
973,서울특별시 양천구 신정동 1112,보도와 차도가 구분된 도로의 차도,"40,000",2022-04-27 09:17
974,서울특별시 양천구 신정동 1142,보도와 차도가 구분된 도로의 차도,"40,000",2022-04-27 09:28
975,서울특별시 양천구 신정동 1142,보도와 차도가 구분된 도로의 차도,"40,000",2022-04-27 09:34
976,서울특별시 양천구 목동 911-9,자전거 도로,"40,000",2022-04-27 10:06
977,서울특별시 양천구 목동 900,자전거 도로,"40,000",2022-04-27 10:21
978,서울특별시 양천구 목동 900,자전거 도로,"40,000",2022-04-27 10:22
979,서울특별시 양천구 목동 903-6,자전거 도로,"40,000",2022-04-28 14:58
980,서울특별시 양천구 목동 919-8,자전거 도로,"40,000",2022-04-28 15:05
981,서울특별시 양천구 신월동 827,보도와 차도가 구분된 도로의 차도,"40,000",2022-04-29 09:11
982,서울특별시 양천구 신월동 828,보도와 차도가 구분된 도로의 차도,"40,000",2022-04-29 09:12
983,서울특별시 양천구 신월동 829,보도와 차도가 구분된 도로의 차도,"40,000",2022-04-29 09:22
984,서울특별시 양천구 신정동 1056,보도와 차도가 구분된 도로의 차도,"40,000",2022-04-29 09:38
985,서울특별시 양천구 신정동 1142,보도와 차도가 구분된 도로의 차도,"40,000",2022-04-29 09:54
986,서울특별시 양천구 신정동 1146,보도와 차도가 구분된 도로의 차도,"40,000",2022-04-29 10:01
987,서울특별시 양천구 신정동 320-2,자전거 도로,"40,000",2022-04-29 10:27
988,서울특별시 양천구 신정동 322-4,자전거 도로,"40,000",2022-05-10 10:46
989,서울특별시 양천구 목동 912,자전거 도로,"40,000",2022-05-10 11:05
990,서울특별시 양천구 목동 912,자전거 도로,"40,000",2022-05-10 11:06
991,서울특별시 양천구 목동 903,자전거 도로,"40,000",2022-05-10 11:17
992,서울특별시 양천구 신정동 1230,기타,"40,000",2022-05-11 09:54
993,서울특별시 양천구 신월동 793,보도와 차도가 구분된 도로의 차도,"40,000",2022-05-11 09:09
994,서울특별시 양천구 신월동 263,보도와 차도가 구분된 도로의 차도,"40,000",2022-05-11 09:15
995,서울특별시 양천구 신월동 826,보도와 차도가 구분된 도로의 차도,"40,000",2022-05-11 09:27
996,서울특별시 양천구 신정동 1112,보도와 차도가 구분된 도로의 차도,"40,000",2022-05-11 09:43
997,서울특별시 양천구 신정동 1146,보도와 차도가 구분된 도로의 차도,"40,000",2022-05-11 10:02
998,서울특별시 양천구 목동 904-4,자전거 도로,"40,000",2022-05-11 10:42
999,서울특별시 양천구 목동 920-2,자전거 도로,"40,000",2022-05-11 14:28
1000,서울특별시 양천구 목동 917-3,자전거 도로,"40,000",2022-05-12 10:01
1001,서울특별시 양천구 목동 903-6,자전거 도로,"40,000",2022-05-12 10:18
1002,서울특별시 양천구 목동 406-320,자전거 도로,"40,000",2022-05-12 10:25
1003,서울특별시 양천구 신월동 795,보도와 차도가 구분된 도로의 차도,"40,000",2022-05-13 09:07
1004,서울특별시 양천구 신정동 1066,보도와 차도가 구분된 도로의 차도,"40,000",2022-05-13 09:24
1005,서울특별시 양천구 신정동 1126,보도와 차도가 구분된 도로의 차도,"40,000",2022-05-13 09:37
1006,서울특별시 양천구 목동 915,자전거 도로,"40,000",2022-05-13 10:01
1007,서울특별시 양천구 목동 912,자전거 도로,"40,000",2022-05-13 10:14
1008,서울특별시 양천구 목동 618-19,기타,"40,000",2022-05-13 21:45
1009,서울특별시 양천구 목동 912,자전거 도로,"40,000",2022-05-17 12:56
1010,서울특별시 양천구 목동 901,자전거 도로,"40,000",2022-05-17 13:08
1011,서울특별시 양천구 목동 901,자전거 도로,"40,000",2022-05-17 13:08
1012,서울특별시 양천구 신정동 312,자전거 도로,"40,000",2022-05-17 13:24
1013,서울특별시 양천구 신정동 88-1,자전거 도로,"40,000",2022-05-17 13:35
1014,서울특별시 양천구 목동 903-6,자전거 도로,"40,000",2022-05-19 09:39
1015,서울특별시 양천구 목동 903-6,자전거 도로,"40,000",2022-05-19 09:42
1016,서울특별시 양천구 신정동 1112,보도와 차도가 구분된 도로의 차도,"40,000",2022-05-19 09:57
1017,서울특별시 양천구 신월동 829,보도와 차도가 구분된 도로의 차도,"40,000",2022-05-19 11:45
1018,서울특별시 양천구 목동 135-16,보도와 차도가 구분된 도로의 차도,"40,000",2022-05-19 12:30
1019,서울특별시 양천구 신정동 1050-5,보도와 차도가 구분된 도로의 차도,"40,000",2022-05-20 09:59
1020,서울특별시 양천구 신정동 1069,보도 중앙,"40,000",2022-05-20 17:05
1021,서울특별시 양천구 목동 954,기타,"40,000",2022-05-20 19:40
1022,서울특별시 양천구 목동 509-4,보도 중앙,"40,000",2022-05-22 11:49
1023,서울특별시 양천구 신정동 1112,보도와 차도가 구분된 도로의 차도,"40,000",2022-05-23 09:31
1024,서울특별시 양천구 신정동 1112,보도와 차도가 구분된 도로의 차도,"40,000",2022-05-23 09:34
1025,서울특별시 양천구 신정동 1142,보도와 차도가 구분된 도로의 차도,"40,000",2022-05-23 09:44
1026,서울특별시 양천구 신정동 1145,보도와 차도가 구분된 도로의 차도,"40,000",2022-05-23 09:51
1027,서울특별시 양천구 신정동 313,자전거 도로,"40,000",2022-05-23 10:04
1028,서울특별시 양천구 신정동 322-4,보도와 차도가 구분된 도로의 차도,"40,000",2022-05-23 10:13
1029,서울특별시 양천구 신정동 322-4,보도와 차도가 구분된 도로의 차도,"40,000",2022-05-23 10:15
1030,서울특별시 양천구 목동 916-2,자전거 도로,"40,000",2022-05-23 10:30
1031,서울특별시 양천구 목동 912,자전거 도로,"40,000",2022-05-23 10:45
1032,서울특별시 양천구 신월동 232-20,기타,"40,000",2022-05-25 15:44
1033,서울특별시 양천구 신정동 1110,보도와 차도가 구분된 도로의 차도,"40,000",2022-05-24 10:04
1034,서울특별시 양천구 신정동 1323-1,보도와 차도가 구분된 도로의 차도,"40,000",2022-05-24 10:12
1035,서울특별시 양천구 신정동 1030-5,보도와 차도가 구분된 도로의 차도,"40,000",2022-05-24 10:19
1036,서울특별시 양천구 신월동 116-5,보도와 차도가 구분된 도로의 차도,"40,000",2022-05-25 09:08
1037,서울특별시 양천구 신월동 819,보도와 차도가 구분된 도로의 차도,"40,000",2022-05-25 09:18
1038,서울특별시 양천구 신월동 819,보도와 차도가 구분된 도로의 차도,"40,000",2022-05-25 09:19
1039,서울특별시 양천구 신월동 819,보도와 차도가 구분된 도로의 차도,"40,000",2022-05-25 09:26
1040,서울특별시 양천구 목동 657-16,기타,"40,000",2022-05-25 16:54
1041,서울특별시 양천구 목동 657-16,기타,"40,000",2022-05-25 16:55
1042,서울특별시 양천구 목동 657-16,기타,"40,000",2022-05-25 16:56
1043,서울특별시 양천구 신정동 956-3,보도 중앙,"40,000",2022-05-25 11:10
1044,서울특별시 양천구 신정동 1112,기타,"40,000",2022-05-25 16:08
1045,서울특별시 양천구 신정동 313-4,보도와 차도가 구분된 도로의 차도,"40,000",2022-05-25 10:21
1046,서울특별시 양천구 신정동 937-9,기타,"40,000",2022-05-25 17:11
1047,서울특별시 양천구 목동 565,기타,"40,000",2022-05-26 12:19
1048,서울특별시 양천구 목동 565,기타,"40,000",2022-05-26 12:20
1049,서울특별시 양천구 목동 565,기타,"40,000",2022-05-26 12:21
1050,서울특별시 양천구 목동 565,기타,"40,000",2022-05-26 12:23
1051,서울특별시 양천구 목동 903-6,자전거 도로,"40,000",2022-05-26 12:33
1052,서울특별시 양천구 신정동 1146,보도와 차도가 구분된 도로의 차도,"40,000",2022-05-27 10:46
1053,서울특별시 양천구 신월동 115-24,보도와 차도가 구분된 도로의 차도,"40,000",2022-05-30 09:22
1054,서울특별시 양천구 신정동 1065,보도와 차도가 구분된 도로의 차도,"40,000",2022-05-30 10:05
1055,서울특별시 양천구 목동 406-53,보도와 차도가 구분된 도로의 차도,"40,000",2022-05-30 10:34
1056,서울특별시 양천구 신정동 995-2,기타,"40,000",2022-05-30 11:25
1057,서울특별시 양천구 신정동 1095,보도와 차도가 구분된 도로의 차도,"40,000",2022-05-30 10:59
1058,서울특별시 양천구 목동 406-320,자전거 도로,"40,000",2022-05-30 11:16
1059,서울특별시 양천구 신정동 984-1,보도와 차도가 구분된 도로의 차도,"40,000",2022-05-30 11:34
1060,서울특별시 양천구 신정동 1112,보도 중앙,"40,000",2022-05-30 14:22
1061,서울특별시 양천구 신정동 1146,보도와 차도가 구분된 도로의 차도,"40,000",2022-05-30 11:57
1062,서울특별시 양천구 신정동 1146,보도와 차도가 구분된 도로의 차도,"40,000",2022-05-30 12:01
1063,서울특별시 양천구 목동 405-171,자전거 도로,"40,000",2022-05-30 12:21
1064,서울특별시 양천구 목동 406-43,보도와 차도가 구분된 도로의 차도,"40,000",2022-05-31 10:49
1065,서울특별시 양천구 목동 916-2,자전거 도로,"40,000",2022-05-31 10:55
1066,서울특별시 양천구 목동 934,"버스정류장, 택시 승강장","40,000",2022-05-31 12:17
1067,서울특별시 양천구 목동 916-2,자전거 도로,"40,000",2022-05-31 11:09
1068,서울특별시 양천구 목동 902,보도와 차도가 구분된 도로의 차도,"40,000",2022-05-31 11:25
1069,서울특별시 양천구 신정동 1145,보도와 차도가 구분된 도로의 차도,"40,000",2022-05-31 11:46
1070,서울특별시 양천구 신정동 1112,보도와 차도가 구분된 도로의 차도,"40,000",2022-05-31 11:57
1071,서울특별시 양천구 신정동 1112,보도와 차도가 구분된 도로의 차도,"40,000",2022-05-31 11:58
1072,서울특별시 양천구 목동 916-2,보도와 차도가 구분된 도로의 차도,"40,000",2022-06-02 11:14
1073,서울특별시 양천구 신정동 1146,보도와 차도가 구분된 도로의 차도,"40,000",2022-06-02 11:43
1074,서울특별시 양천구 신정동 312,자전거 도로,"40,000",2022-06-02 12:00
1075,서울특별시 양천구 신정동 322-4,자전거 도로,"40,000",2022-06-02 12:06
1076,서울특별시 양천구 신정동 890-14,보도와 차도가 구분된 도로의 차도,"40,000",2022-06-02 12:56
1077,서울특별시 양천구 목동 901-7,자전거 도로,"40,000",2022-06-03 11:24
1078,서울특별시 양천구 목동 925-5,자전거 도로,"40,000",2022-06-03 11:34
1079,서울특별시 양천구 신정동 910-9,보도와 차도가 구분된 도로의 차도,"40,000",2022-06-03 11:44
1080,서울특별시 양천구 신정동 910-9,보도와 차도가 구분된 도로의 차도,"40,000",2022-06-03 11:45
1081,서울특별시 양천구 신정동 1056,보도와 차도가 구분된 도로의 차도,"40,000",2022-06-03 11:53
1082,서울특별시 양천구 신정동 313-6,자전거 도로,"40,000",2022-06-03 12:15
1083,서울특별시 양천구 신정동 933-13,기타,"40,000",2022-06-08 09:47
1084,서울특별시 양천구 목동 902-5,자전거 도로,"40,000",2022-06-07 10:16
1085,서울특별시 양천구 목동 902-5,자전거 도로,"40,000",2022-06-07 10:16
1086,서울특별시 양천구 목동 925,"횡단보도, 산책로 등","40,000",2022-06-07 11:30
1087,서울특별시 양천구 목동 925,"횡단보도, 산책로 등","40,000",2022-06-07 11:31
1088,서울특별시 양천구 신정동 1065,보도와 차도가 구분된 도로의 차도,"40,000",2022-06-07 10:37
1089,서울특별시 양천구 신정동 1065,기타,"40,000",2022-06-07 11:30
1090,서울특별시 양천구 신정동 1093,"횡단보도, 산책로 등","40,000",2022-06-07 11:55
1091,서울특별시 양천구 목동 406-173,기타,"40,000",2022-06-07 20:30
1092,서울특별시 양천구 신월동 278,보도와 차도가 구분된 도로의 차도,"40,000",2022-06-08 09:21
1093,서울특별시 양천구 신정동 1110,보도와 차도가 구분된 도로의 차도,"40,000",2022-06-08 10:10
1094,서울특별시 양천구 신정동 1124,"횡단보도, 산책로 등","40,000",2022-06-08 11:18
1095,서울특별시 양천구 신정동 1323-2,보도와 차도가 구분된 도로의 차도,"40,000",2022-06-08 10:20
1096,서울특별시 양천구 목동 406-43,보도와 차도가 구분된 도로의 차도,"40,000",2022-06-08 11:51
1097,서울특별시 양천구 목동 136-1,"버스정류장, 택시 승강장","40,000",2022-06-08 13:11
1098,서울특별시 양천구 목동 136-1,"버스정류장, 택시 승강장","40,000",2022-06-08 13:15
1099,서울특별시 양천구 목동 903,자전거 도로,"40,000",2022-06-08 13:25
1100,서울특별시 양천구 목동 934,보도와 차도가 구분된 도로의 차도,"40,000",2022-06-10 09:33
1101,서울특별시 양천구 목동 916-2,자전거 도로,"40,000",2022-06-10 09:40
1102,서울특별시 양천구 목동 406-189,보도와 차도가 구분된 도로의 차도,"40,000",2022-06-10 09:48
1103,서울특별시 양천구 목동 903-6,자전거 도로,"40,000",2022-06-13 10:30
1104,서울특별시 양천구 신정동 900-14,"횡단보도, 산책로 등","40,000",2022-06-13 11:54
1105,서울특별시 양천구 신정동 1142,보도와 차도가 구분된 도로의 차도,"40,000",2022-06-13 11:07
1106,서울특별시 양천구 신정동 329,자전거 도로,"40,000",2022-06-13 11:28
1107,서울특별시 양천구 신정동 1065,보도와 차도가 구분된 도로의 차도,"40,000",2022-06-16 09:15
1108,서울특별시 양천구 신정동 1065,보도와 차도가 구분된 도로의 차도,"40,000",2022-06-16 09:23
1109,서울특별시 양천구 신정동 1075,보도 중앙,"40,000",2022-06-16 11:32
1110,서울특별시 양천구 신정동 1112,보도와 차도가 구분된 도로의 차도,"40,000",2022-06-16 09:44
1111,서울특별시 양천구 목동 915,자전거 도로,"40,000",2022-06-16 10:21
1112,서울특별시 양천구 목동 915,자전거 도로,"40,000",2022-06-16 10:25
1113,서울특별시 양천구 목동 915,"점자블록, 엘리베이터 입구","40,000",2022-06-16 11:48
1114,서울특별시 양천구 목동 904,자전거 도로,"40,000",2022-06-17 10:13
1115,서울특별시 양천구 목동 740-15,보도 중앙,"40,000",2022-06-19 12:54
1116,서울특별시 양천구 신정동 1065,보도와 차도가 구분된 도로의 차도,"40,000",2022-06-20 09:52
1117,서울특별시 양천구 신정동 118-1,"횡단보도, 산책로 등","40,000",2022-06-20 12:13
1118,서울특별시 양천구 신정동 1110,보도와 차도가 구분된 도로의 차도,"40,000",2022-06-21 09:09
1119,서울특별시 양천구 목동 408-309,"횡단보도, 산책로 등","40,000",2022-06-21 11:09
1120,서울특별시 양천구 목동 916-2,"횡단보도, 산책로 등","40,000",2022-06-21 11:02
1121,서울특별시 양천구 목동 915,자전거 도로,"40,000",2022-06-22 11:25
1122,서울특별시 양천구 목동 914,자전거 도로,"40,000",2022-06-22 11:37
1123,서울특별시 양천구 월정로17길 20,기타,"40,000",2022-06-26 11:20
1124,서울특별시 양천구 신정동 1326-1,보도 중앙,"40,000",2022-06-27 00:02
1125,서울특별시 양천구 목동 602-16,기타,"40,000",2022-06-28 10:25
1126,서울특별시 양천구 목동 920,자전거 도로,"40,000",2022-06-28 10:39
1127,서울특별시 양천구 목동 406-43,보도와 차도가 구분된 도로의 차도,"40,000",2022-06-28 10:47
1128,서울특별시 양천구 신정동 1065,보도와 차도가 구분된 도로의 차도,"40,000",2022-06-29 09:35
1129,서울특별시 양천구 목동 514-18,기타,"40,000",2022-06-30 23:40
1130,서울특별시 양천구 신정동 1066,보도 중앙,"40,000",2022-07-01 23:28
1131,서울특별시 양천구 신정동 1007-11,보도 중앙,"40,000",2022-07-01 17:25
1132,서울특별시 양천구 신정동 1230,기타,"40,000",2022-07-04 01:10
1133,서울특별시 양천구 목동 923-15,보도 중앙,"40,000",2022-07-03 22:26
1134,서울특별시 양천구 목동 925-5,보도 중앙,"40,000",2022-07-03 22:27
1135,서울특별시 양천구 목동 603-26,기타,"40,000",2022-07-05 08:46
1136,서울특별시 양천구 목동 915,"점자블록, 엘리베이터 입구","40,000",2022-07-04 12:08
1137,서울특별시 양천구 신정동 900-14,기타,"40,000",2022-07-05 01:20
1138,서울특별시 양천구 신정동 946-1,"버스정류장, 택시 승강장","40,000",2022-07-04 12:24
1139,서울특별시 양천구 목동 913,자전거 도로,"40,000",2022-07-04 12:46
1140,서울특별시 양천구 목동 903,자전거 도로,"40,000",2022-07-04 12:51
1141,서울특별시 양천구 신월동 792,보도와 차도가 구분된 도로의 차도,"40,000",2022-07-05 09:09
1142,서울특별시 양천구 목동 907-1,"횡단보도, 산책로 등","40,000",2022-07-05 11:17
1143,서울특별시 양천구 목동 914-10,"점자블록, 엘리베이터 입구","40,000",2022-07-05 12:04
1144,서울특별시 양천구 목동 603-26,기타,"40,000",2022-07-07 13:50
1145,서울특별시 양천구 신정동 1065,"점자블록, 엘리베이터 입구","40,000",2022-07-08 11:15
1146,서울특별시 양천구 신정동 1066,보도와 차도가 구분된 도로의 차도,"40,000",2022-07-08 11:22
1147,서울특별시 양천구 목동 818,기타,"40,000",2022-07-09 10:20
1148,서울특별시 양천구 목동 406-224,보도와 차도가 구분된 도로의 차도,"40,000",2022-07-11 11:11
1149,서울특별시 양천구 목동 406-181,보도와 차도가 구분된 도로의 차도,"40,000",2022-07-11 11:17
1150,서울특별시 양천구 목동 912,자전거 도로,"40,000",2022-07-11 11:31
1151,서울특별시 양천구 목동 914-6,"횡단보도, 산책로 등","40,000",2022-07-11 13:04
1152,서울특별시 양천구 목동 406-224,보도와 차도가 구분된 도로의 차도,"40,000",2022-07-12 10:12
1153,서울특별시 양천구 목동 509-1,기타,"40,000",2022-07-15 22:08
1154,서울특별시 양천구 신월동 793,보도와 차도가 구분된 도로의 차도,"40,000",2022-07-18 09:11
1155,서울특별시 양천구 목동 927-8,기타,"40,000",2022-07-19 13:40
1156,서울특별시 양천구 목동 857,보도 중앙,"40,000",2022-07-21 04:50
1157,서울특별시 양천구 목동 603-26,기타,"40,000",2022-07-26 13:30
1158,서울특별시 양천구 신정동 1230,기타,"40,000",2022-07-27 00:10
1159,서울특별시 양천구 신정동 1326-1,보도 중앙,"40,000",2022-07-28 02:02
1160,서울특별시 양천구 목동 405-241,보도와 차도가 구분된 도로의 차도,"40,000",2022-08-04 16:29
1161,서울특별시 양천구 신정동 1095,기타,"40,000",2022-08-06 00:30
1162,서울특별시 양천구 신정동 211-12,보도 중앙,"40,000",2022-08-07 01:22
1163,서울특별시 양천구 목동 544-5,보도와 차도가 구분된 도로의 차도,"40,000",2022-08-10 16:25
1164,서울특별시 양천구 목동 514,지하철역 진출입로 및 주변,"40,000",2022-08-10 16:46
1165,서울특별시 양천구 목동 514-5,지하철역 진출입로 및 주변,"40,000",2022-08-10 03:26
1166,서울특별시 양천구 신정동 1099,보도와 차도가 구분된 도로의 차도,"40,000",2022-08-11 11:27
1167,서울특별시 양천구 목동 565,보도 중앙,"40,000",2022-08-15 17:30
1168,서울특별시 양천구 목동 602-1,보도와 차도가 구분된 도로의 차도,"40,000",2022-08-16 02:35
1169,서울특별시 양천구 신월동 505-4,"횡단보도, 산책로 등","40,000",2022-08-16 15:07
1170,서울특별시 양천구 신월동 505-5,보도 중앙,"40,000",2022-08-16 15:17
1171,서울특별시 양천구 신월동 505-5,보도 중앙,"40,000",2022-08-16 15:18
1172,서울특별시 양천구 신월동 505-5,보도 중앙,"40,000",2022-08-16 15:19
1173,서울특별시 양천구 목동 405-212,"점자블록, 엘리베이터 입구","40,000",2022-08-16 16:39
1174,서울특별시 양천구 목동 915,자전거 도로,"40,000",2022-08-17 14:47
1175,서울특별시 양천구 목동 913,자전거 도로,"40,000",2022-08-17 15:06
1176,서울특별시 양천구 목동 915,자전거 도로,"40,000",2022-08-17 15:36
1177,서울특별시 양천구 신정동 1000-21,보도 중앙,"40,000",2022-08-18 03:07
1178,서울특별시 양천구 신정동 1007-11,보도 중앙,"40,000",2022-08-18 21:58
1179,서울특별시 양천구 신정동 1095,보도 중앙,"40,000",2022-08-18 22:01
1180,서울특별시 양천구 신정동 1095,기타,"40,000",2022-08-18 22:00
1181,서울특별시 양천구 목동 405-212,기타,"40,000",2022-08-22 09:20
1182,서울특별시 양천구 신정동 969-11,기타,"40,000",2022-08-23 04:10
1183,서울특별시 양천구 신정동 943-19,기타,"40,000",2022-08-24 15:00
1184,서울특별시 양천구 목동 650-9,기타,"40,000",2022-08-24 15:30
1185,서울특별시 양천구 목동 231-1,기타,"40,000",2022-08-25 11:10
1186,서울특별시 양천구 목동 523-10,기타,"40,000",2022-08-25 22:30
1187,서울특별시 양천구 목동 796-27,기타,"40,000",2022-08-26 01:50
1188,서울특별시 양천구 신정동 1326-1,기타,"40,000",2022-08-29 11:40
1189,서울특별시 양천구 목동 914-8,기타,"40,000",2022-08-27 20:30
1190,서울특별시 양천구 신정동 971-24,기타,"40,000",2022-08-28 12:00
1191,서울특별시 양천구 신정동 323-10,기타,"40,000",2022-09-01 20:00
1192,서울특별시 양천구 목동 650-9,기타,"40,000",2022-09-02 15:00
1193,서울특별시 양천구 신정동 1106,보도 중앙,"40,000",2022-09-02 21:58
1194,서울특별시 양천구 목동 504-9,기타,"40,000",2022-09-08 20:20
1195,서울특별시 양천구 신월동 928-1,기타,"40,000",2022-09-15 10:49
1196,서울특별시 양천구 목동 796-27,기타,"40,000",2022-09-16 17:00
1197,서울특별시 양천구 목동 231-1,보도 중앙,"40,000",2022-09-19 18:14
1198,서울특별시 양천구 목동 618-19,"건물, 상가 보행자 진출입","40,000",2022-09-20 03:31
1199,서울특별시 양천구 신정동 1007-11,기타,"40,000",2022-09-23 03:30
1200,서울특별시 양천구 신정동 1121,기타,"40,000",2022-09-22 19:10
1201,서울특별시 양천구 신월동 477-3,기타,"40,000",2022-09-25 01:40
1202,서울특별시 양천구 신월동 477-3,기타,"40,000",2022-09-23 18:40
1203,서울특별시 양천구 목동 318-260,기타,"40,000",2022-09-25 02:50
1204,서울특별시 양천구 목동 318-116,기타,"40,000",2022-09-25 00:00
1205,서울특별시 양천구 목동 318-260,기타,"40,000",2022-09-26 01:40
1206,서울특별시 양천구 신정동 1007-11,기타,"40,000",2022-09-26 11:49
1207,서울특별시 양천구 신정동 1007-11,기타,"40,000",2022-09-26 11:50
1208,서울특별시 양천구 목동 919-8,자전거 도로,"40,000",2022-09-27 14:49
1209,서울특별시 양천구 신정동 1095,기타,"40,000",2022-09-28 12:15
1210,서울특별시 양천구 신정동 1095,기타,"40,000",2022-09-28 12:16
1211,서울특별시 양천구 신정동 1095,기타,"40,000",2022-09-28 12:17
1212,서울특별시 양천구 신정동 1007-11,기타,"40,000",2022-09-28 12:18
1213,서울특별시 양천구 목동 915,자전거 도로,"40,000",2022-09-28 12:40
1214,서울특별시 양천구 목동 913,자전거 도로,"40,000",2022-09-28 12:46
1215,서울특별시 양천구 목동 901-7,보도 중앙,"40,000",2022-09-29 08:20
1216,서울특별시 양천구 목동 406-137,기타,"40,000",2022-09-30 01:10
1217,서울특별시 양천구 목동 962,기타,"40,000",2022-09-30 01:50
1218,서울특별시 양천구 신정동 921-11,기타,"40,000",2022-09-30 19:50
1219,서울특별시 양천구 신정동 1007-11,기타,"40,000",2022-10-02 02:00
1220,서울특별시 양천구 목동 231-1,보도 중앙,"40,000",2022-10-02 19:23
1221,서울특별시 양천구 목동 902,오신고,"40,000",2022-10-02 13:15
1222,서울특별시 양천구 목동 603-26,기타,"40,000",2022-10-06 15:00
1223,서울특별시 양천구 목동 596,기타,"40,000",2022-10-07 17:30
1224,서울특별시 양천구 목동 565,보도 중앙,"40,000",2022-10-11 11:47
1225,서울특별시 양천구 목동 627-11,보도와 차도가 구분된 도로의 차도,"40,000",2022-10-12 11:19
1226,서울특별시 양천구 목동 911-2,보도 중앙,"40,000",2022-10-12 12:29
1227,서울특별시 양천구 신정동 960-9,보도 중앙,"40,000",2022-10-13 02:46
1228,서울특별시 양천구 목동 618-19,기타,"40,000",2022-10-13 17:30
1229,서울특별시 양천구 목동 902,기타,"40,000",2022-10-16 20:20
1230,서울특별시 양천구 신월동 484-3,보도와 차도가 구분된 도로의 차도,"40,000",2022-10-18 11:50
1231,서울특별시 양천구 신월동 498-5,보도와 차도가 구분된 도로의 차도,"40,000",2022-10-18 12:35
1232,서울특별시 양천구 목동 408-43,보도 중앙,"40,000",2022-10-21 04:52
1233,서울특별시 양천구 신정동 960-10,기타,"40,000",2022-10-21 16:00
1234,서울특별시 양천구 목동 318-260,기타,"40,000",2022-10-23 15:10
1235,서울특별시 양천구 목동 318-40,기타,"40,000",2022-10-22 19:30
1236,서울특별시 양천구 목동 318-40,기타,"40,000",2022-10-22 20:40
1237,서울특별시 양천구 신정동 1117,보도 중앙,"40,000",2022-10-23 04:11
1238,서울특별시 양천구 신정동 322-3,보도 중앙,"40,000",2022-10-24 11:25
1239,서울특별시 양천구 신정동 1126,보도와 차도가 구분된 도로의 차도,"40,000",2022-10-24 10:48
1240,서울특별시 양천구 신정동 1323-2,보도 중앙,"40,000",2022-10-24 11:24
1241,서울특별시 양천구 목동 507-10,보도 중앙,"40,000",2022-10-24 15:01
1242,서울특별시 양천구 목동 507-10,보도 중앙,"40,000",2022-10-24 15:02
1243,서울특별시 양천구 목동 406-28,"횡단보도, 산책로 등","40,000",2022-10-25 11:58
1244,서울특별시 양천구 신정동 960-10,보도 중앙,"40,000",2022-10-27 09:23
1245,서울특별시 양천구 목동 921,"횡단보도, 산책로 등","40,000",2022-10-27 15:03
1246,서울특별시 양천구 목동 565,보도 중앙,"40,000",2022-10-28 10:55
1247,서울특별시 양천구 목동 826,보도와 차도가 구분된 도로의 차도,"40,000",2022-10-31 02:45
1248,서울특별시 양천구 목동 915,"버스정류장, 택시 승강장","40,000",2022-11-01 13:36
1249,서울특별시 양천구 신정동 888-45,보도와 차도가 구분된 도로의 차도,"40,000",2022-11-03 10:10
1250,서울특별시 양천구 목동 915,"버스정류장, 택시 승강장","40,000",2022-11-03 11:36
1251,서울특별시 양천구 목동 912-2,"횡단보도, 산책로 등","40,000",2022-11-03 11:51
1252,서울특별시 양천구 목동 913-3,"횡단보도, 산책로 등","40,000",2022-11-03 12:55
1253,서울특별시 양천구 목동 917-3,"횡단보도, 산책로 등","40,000",2022-11-04 13:34
1254,서울특별시 양천구 목동 917-6,"횡단보도, 산책로 등","40,000",2022-11-04 13:35
1255,서울특별시 양천구 목동 917-6,"횡단보도, 산책로 등","40,000",2022-11-04 13:35
1256,서울특별시 양천구 목동 917-3,"횡단보도, 산책로 등","40,000",2022-11-04 13:37
1257,서울특별시 양천구 목동 903,자전거 도로,"40,000",2022-11-04 13:20
1258,서울특별시 양천구 목동 903,자전거 도로,"40,000",2022-11-04 13:49
1259,서울특별시 양천구 신월동 258,"버스정류장, 택시 승강장","40,000",2022-11-07 11:07
1260,서울특별시 양천구 신정동 1066,"횡단보도, 산책로 등","40,000",2022-11-07 12:44
1261,서울특별시 양천구 목동 912,자전거 도로,"40,000",2022-11-07 12:18
1262,서울특별시 양천구 목동 902,자전거 도로,"40,000",2022-11-07 12:26
1263,서울특별시 양천구 목동 565,보도 중앙,"40,000",2022-11-08 15:32
1264,서울특별시 양천구 신정동 1112,보도와 차도가 구분된 도로의 차도,"40,000",2022-11-08 13:10
1265,서울특별시 양천구 목동 121-4,보도와 차도가 구분된 도로의 차도,"40,000",2022-11-08 15:42
1266,서울특별시 양천구 목동 565,보도 중앙,"40,000",2022-11-09 09:52
1267,서울특별시 양천구 목동 912,보도 중앙,"40,000",2022-11-09 10:40
1268,서울특별시 양천구 목동 913,보도 중앙,"40,000",2022-11-09 10:59
1269,서울특별시 양천구 목동 912,자전거 도로,"40,000",2022-11-09 11:10
1270,서울특별시 양천구 목동 925-8,보도 중앙,"40,000",2022-11-09 11:21
1271,서울특별시 양천구 목동 916,"횡단보도, 산책로 등","40,000",2022-11-09 12:35
1272,서울특별시 양천구 목동 507-21,기타,"40,000",2022-11-09 20:30
1273,서울특별시 양천구 목동 618-19,기타,"40,000",2022-11-16 13:30
1274,서울특별시 양천구 신월동 498-5,보도와 차도가 구분된 도로의 차도,"40,000",2022-11-16 10:43
1275,서울특별시 양천구 신월동 498-2,"버스정류장, 택시 승강장","40,000",2022-11-16 11:45
1276,서울특별시 양천구 신월동 498-2,"버스정류장, 택시 승강장","40,000",2022-11-16 11:47
1277,서울특별시 양천구 목동 603-26,기타,"40,000",2022-11-19 23:40
1278,서울특별시 양천구 목동 565,보도 중앙,"40,000",2022-11-21 13:44
1279,서울특별시 양천구 목동 914-5,보도 중앙,"40,000",2022-11-22 13:07
1280,서울특별시 양천구 목동 907-19,보도 중앙,"40,000",2022-11-22 13:07
1281,서울특별시 양천구 목동 913-3,보도 중앙,"40,000",2022-11-22 13:07
1282,서울특별시 양천구 목동 913-3,보도 중앙,"40,000",2022-11-22 13:07
1283,서울특별시 양천구 신정동 1232,보도 중앙,"40,000",2022-11-23 11:04
1284,서울특별시 양천구 신월로 331,보도 중앙,"40,000",2022-11-24 10:41
1285,서울특별시 양천구 신정동 900-21,보도 중앙,"40,000",2022-11-29 10:34
1286,서울특별시 양천구 신정동 1276,보도 중앙,"40,000",2022-12-02 03:30
1287,서울특별시 양천구 신월동 804,보도와 차도가 구분된 도로의 차도,"40,000",2022-12-06 10:16
1288,서울특별시 양천구 신정동 1183-14,보도 중앙,"40,000",2022-12-13 03:09
1289,서울특별시 양천구 신월동 637,보도와 차도가 구분된 도로의 차도,"40,000",2022-12-12 13:37
1290,서울특별시 양천구 신월동 121-37,통행제한 구간,"40,000",2022-12-14 10:53
1291,서울특별시 양천구 목동 965,보도 중앙,"40,000",2022-12-31 03:03
1292,서울특별시 양천구 목동 956,보도 중앙,"40,000",2023-01-11 08:56
1293,서울특별시 양천구 신정동 1074,보도와 차도가 구분된 도로의 차도,"40,000",2023-01-16 12:59
1294,서울특별시 양천구 목동 915,"횡단보도, 산책로 등","40,000",2023-01-18 16:09
1295,서울특별시 양천구 목동 917-3,"횡단보도, 산책로 등","40,000",2023-01-18 16:08
1296,서울특별시 양천구 목동 916-1,"횡단보도, 산책로 등","40,000",2023-01-19 11:36
1297,서울특별시 양천구 목동 916-1,보도 중앙,"40,000",2023-01-19 15:38
1298,서울특별시 양천구 신정동 953-1,보도와 차도가 구분된 도로의 차도,"40,000",2023-01-19 11:08
1299,서울특별시 양천구 신정동 1094,보도와 차도가 구분된 도로의 차도,"40,000",2023-01-20 11:11
1300,서울특별시 양천구 목동 560,보도 중앙,"40,000",2023-01-20 13:51
1301,서울특별시 양천구 목동 560,보도 중앙,"40,000",2023-01-20 12:22
1302,서울특별시 양천구 목동 915,"점자블록, 엘리베이터 입구","40,000",2023-01-25 12:42
1303,서울특별시 양천구 목동 406-189,"버스정류장, 택시 승강장","40,000",2023-01-27 12:07
1304,서울특별시 양천구 목동 406-189,"횡단보도, 산책로 등","40,000",2023-01-27 13:20
1305,서울특별시 양천구 신정동 1056,보도와 차도가 구분된 도로의 차도,"40,000",2023-01-27 12:56
1306,서울특별시 양천구 신정동 1065,보도와 차도가 구분된 도로의 차도,"40,000",2023-01-30 10:30
1307,서울특별시 양천구 목동 603-25,보도 중앙,"40,000",2023-02-05 12:49
1308,서울특별시 양천구 신월동 878-1,보도와 차도가 구분된 도로의 차도,"40,000",2023-02-03 11:18
1309,서울특별시 양천구 신월동 878-2,보도와 차도가 구분된 도로의 차도,"40,000",2023-02-03 11:20
1310,서울특별시 양천구 신정동 985-17,보도 중앙,"40,000",2023-02-07 02:57
1311,서울특별시 양천구 목동 514,보도 중앙,"40,000",2023-02-09 12:05
1312,서울특별시 양천구 신정동 1279,보도 중앙,"40,000",2023-02-09 16:05
1313,서울특별시 양천구 신정동 86-2,보도 중앙,"40,000",2023-02-10 03:23
1314,서울특별시 양천구 목동 406-250,보도와 차도가 구분된 도로의 차도,"40,000",2023-02-10 12:09
1315,서울특별시 양천구 목동 406-137,보도와 차도가 구분된 도로의 차도,"40,000",2023-02-10 12:10
1316,서울특별시 양천구 신월동 498-2,보도와 차도가 구분된 도로의 차도,"40,000",2023-02-13 11:29
1317,서울특별시 양천구 신정동 1074,"횡단보도, 산책로 등","40,000",2023-02-14 02:27
1318,서울특별시 양천구 신정동 88-1,보도 중앙,"40,000",2023-02-15 00:54
1319,서울특별시 양천구 신정동 114-17,보도 중앙,"40,000",2023-02-16 02:50
1320,서울특별시 양천구 신정동 88-16,보도 중앙,"40,000",2023-02-16 02:46
1321,서울특별시 양천구 신정동 1121,보도 중앙,"40,000",2023-02-17 03:10
1322,서울특별시 양천구 신정동 87-42,보도 중앙,"40,000",2023-02-18 03:39
1323,서울특별시 양천구 목동 914-10,자전거 도로,"40,000",2023-02-21 11:40
1324,서울특별시 양천구 목동 916-2,자전거 도로,"40,000",2023-02-21 11:52
1325,서울특별시 양천구 목동 913-2,자전거 도로,"40,000",2023-02-21 12:14
1326,서울특별시 양천구 신정동 88-16,보도 중앙,"40,000",2023-02-23 03:13
1327,서울특별시 양천구 목동 404-15,보도와 차도가 구분된 도로의 차도,"40,000",2023-02-27 11:44
1328,서울특별시 양천구 목동 796-14,보도와 차도가 구분된 도로의 차도,"40,000",2023-03-01 02:58
1329,서울특별시 양천구 목동 932,자전거 도로,"40,000",2023-03-03 12:16
1330,서울특별시 양천구 신정동 1117,보도 중앙,"40,000",2023-03-04 03:07
1331,서울특별시 양천구 신정동 1117,보도와 차도가 구분된 도로의 차도,"40,000",2023-03-06 11:20
1332,서울특별시 양천구 목동 914-6,자전거 도로,"40,000",2023-03-09 16:40
1333,서울특별시 양천구 신정동 967-15,보도 중앙,"40,000",2023-03-10 03:01
1334,서울특별시 양천구 목동 915,자전거 도로,"40,000",2023-03-13 10:51
1335,서울특별시 양천구 신정동 324-4,"버스정류장, 택시 승강장","40,000",2023-03-15 02:37
1336,서울특별시 양천구 신정동 276,보도 중앙,"40,000",2023-03-16 03:13
1337,서울특별시 양천구 신월동 498-2,보도와 차도가 구분된 도로의 차도,"40,000",2023-03-16 11:57
1338,서울특별시 양천구 목동 730-1,"횡단보도, 산책로 등","40,000",2023-03-20 12:24
1339,서울특별시 양천구 신정동 1117,보도와 차도가 구분된 도로의 차도,"40,000",2023-03-20 11:50
1340,서울특별시 양천구 목동 814,"횡단보도, 산책로 등","40,000",2023-03-20 13:35
1341,서울특별시 양천구 목동 405-6,자전거 도로,"40,000",2023-03-23 15:52
1342,서울특별시 양천구 목동 405-6,자전거 도로,"40,000",2023-03-23 15:52
1343,서울특별시 양천구 목동 404-177,"횡단보도, 산책로 등","40,000",2023-03-23 16:58
1344,서울특별시 양천구 목동 921,자전거 도로,"40,000",2023-03-27 15:40
1345,서울특별시 양천구 목동 919-8,자전거 도로,"40,000",2023-04-06 08:51
1346,서울특별시 양천구 목동 932,"횡단보도, 산책로 등","40,000",2023-04-06 10:01
1347,서울특별시 양천구 신정동 1031-11,보도와 차도가 구분된 도로의 차도,"40,000",2023-04-06 09:33
1348,서울특별시 양천구 신정동 1112,보도와 차도가 구분된 도로의 차도,"40,000",2023-04-06 09:53
1349,서울특별시 양천구 목동 917-3,"횡단보도, 산책로 등","40,000",2023-04-12 12:07
1350,서울특별시 양천구 목동 812,보도 중앙,"40,000",2023-04-14 03:35
1351,서울특별시 양천구 목동 740-4,"건물, 상가 보행자 진출입","40,000",2023-04-17 03:55
1352,서울특별시 양천구 신월동 906,보도 중앙,"40,000",2023-04-22 18:22
1353,서울특별시 양천구 목동 902,보도 중앙,"40,000",2023-04-18 02:25
1354,서울특별시 양천구 목동 836,보도 중앙,"40,000",2023-04-21 01:03
1355,서울특별시 양천구 신정동 937-11,보도 중앙,"40,000",2023-04-21 04:15
1356,서울특별시 양천구 신정동 937-11,보도 중앙,"40,000",2023-04-21 04:14
1357,서울특별시 양천구 신정동 937-11,보도 중앙,"40,000",2023-04-21 13:49
1358,서울특별시 양천구 신월동 293,보도 중앙,"40,000",2023-04-29 16:16
1359,서울특별시 양천구 신월동 293,보도와 차도가 구분된 도로의 차도,"40,000",2023-04-24 10:11
1360,서울특별시 양천구 목동 925,보도 중앙,"40,000",2023-04-25 01:23
1361,서울특별시 양천구 신정동 1031-15,보도 중앙,"40,000",2023-04-26 01:37
1362,서울특별시 양천구 신정동 332,보도 중앙,"40,000",2023-04-26 23:18
1363,서울특별시 양천구 목동 915,자전거 도로,"40,000",2023-04-26 12:24
1364,서울특별시 양천구 신정동 1183-14,보도 중앙,"40,000",2023-05-02 10:47
1365,서울특별시 양천구 목동 318-229,보도 중앙,"40,000",2023-05-02 10:40
1366,서울특별시 양천구 신정동 126-5,보도 중앙,"40,000",2023-05-02 10:38
1367,서울특별시 양천구 신정동 1183-13,보도 중앙,"40,000",2023-05-04 01:51
1368,서울특별시 양천구 신정동 1183-13,보도 중앙,"40,000",2023-05-04 01:50
1369,서울특별시 양천구 목동 603-26,보도 중앙,"40,000",2023-05-04 22:27
1370,서울특별시 양천구 신정동 1086,보도 중앙,"40,000",2023-05-07 03:17
1371,서울특별시 양천구 신정동 979-26,보도 중앙,"40,000",2023-05-08 01:17
1372,서울특별시 양천구 신정동 1101,보도와 차도가 구분된 도로의 차도,"40,000",2023-05-09 01:52
1373,서울특별시 양천구 신정동 960-11,보도 중앙,"40,000",2023-05-10 02:00
1374,서울특별시 양천구 신정동 937-11,보도 중앙,"40,000",2023-05-10 02:43
1375,서울특별시 양천구 목동 905-22,"횡단보도, 산책로 등","40,000",2023-05-10 11:50
1376,서울특별시 양천구 신정동 1107,보도 중앙,"40,000",2023-05-11 00:53
1377,서울특별시 양천구 신월동 497-2,보도와 차도가 구분된 도로의 차도,"40,000",2023-05-11 11:03
1378,서울특별시 양천구 신월동 497-3,보도 중앙,"40,000",2023-05-12 03:59
1379,서울특별시 양천구 신월동 874,보도 중앙,"40,000",2023-05-11 15:44
1380,서울특별시 양천구 신월동 876,보도와 차도가 구분된 도로의 차도,"40,000",2023-05-11 11:59
1381,서울특별시 양천구 신월동 497-1,"횡단보도, 산책로 등","40,000",2023-05-11 12:14
1382,서울특별시 양천구 신월동 497-1,"횡단보도, 산책로 등","40,000",2023-05-11 12:19
1383,서울특별시 양천구 목동 766-20,보도 중앙,"40,000",2023-05-12 00:02
1384,서울특별시 양천구 목동 917-3,자전거 도로,"40,000",2023-05-12 10:56
1385,서울특별시 양천구 목동 863,보도 중앙,"40,000",2023-05-13 22:40
1386,서울특별시 양천구 목동 920-2,보도 중앙,"40,000",2023-05-13 17:47
1387,서울특별시 양천구 신정동 326,보도 중앙,"40,000",2023-05-14 02:03
1388,서울특별시 양천구 신월동 877,"횡단보도, 산책로 등","40,000",2023-05-15 11:54
1389,서울특별시 양천구 목동 917-3,"버스정류장, 택시 승강장","40,000",2023-05-15 11:29
1390,서울특별시 양천구 목동 915,자전거 도로,"40,000",2023-05-15 11:13
1391,서울특별시 양천구 목동 916-2,"횡단보도, 산책로 등","40,000",2023-05-15 12:29
1392,서울특별시 양천구 신정동 1065,보도와 차도가 구분된 도로의 차도,"40,000",2023-05-15 11:51
1393,서울특별시 양천구 신월동 890,보도 중앙,"40,000",2023-05-15 20:19
1394,서울특별시 양천구 목동 837,보도 중앙,"40,000",2023-05-16 15:52
1395,서울특별시 양천구 목동 907-21,보도 중앙,"40,000",2023-05-17 17:14
1396,서울특별시 양천구 목동 914-9,자전거 도로,"40,000",2023-05-18 11:44
